datetime,PM10,PM2.5,CO,NO2,NO,NOX
2021-10-16 00:00:00,57,15,0,22,6,27
2021-10-16 01:00:00,64,12,0,19,1,20
2021-10-16 02:00:00,48,12,0,14,4,18
2021-10-16 03:00:00,27,11,0,10,2,12
2021-10-16 04:00:00,47,12,0,16,7,23
2021-10-16 05:00:00,54,13,0,18,19,36
2021-10-16 06:00:00,58,14,0,18,45,63
2021-10-16 07:00:00,64,18,0,17,60,78
2021-10-16 08:00:00,75,23,1,17,76,93
2021-10-16 09:00:00,79,28,1,22,54,76
2021-10-16 10:00:00,74,22,1,26,34,60
2021-10-16 11:00:00,61,18,1,26,27,53
2021-10-16 12:00:00,62,16,1,24,26,50
2021-10-16 13:00:00,56,16,2,22,16,38
2021-10-16 14:00:00,40,14,2,21,21,42
2021-10-16 15:00:00,47,12,2,20,20,40
2021-10-16 16:00:00,56,12,2,22,19,41
2021-10-16 17:00:00,40,17,1,20,15,35
2021-10-16 18:00:00,50,15,1,18,18,36
2021-10-16 19:00:00,54,13,1,19,26,44
2021-10-16 20:00:00,45,10,1,17,10,27
2021-10-16 21:00:00,42,11,0,17,13,30
2021-10-16 22:00:00,38,13,0,16,7,23
2021-10-16 23:00:00,36,13,0,18,18,36
2021-10-17 00:00:00,34,15,0,18,12,30
2021-10-17 01:00:00,41,14,0,11,1,12
2021-10-17 02:00:00,27,8,0,6,0,6
2021-10-17 03:00:00,21,5,0,8,1,9
2021-10-17 04:00:00,21,7,0,5,0,6
2021-10-17 05:00:00,24,7,0,17,25,42
2021-10-17 06:00:00,29,6,0,22,61,83
2021-10-17 07:00:00,27,11,0,18,29,47
2021-10-17 08:00:00,32,10,1,23,80,104
2021-10-17 09:00:00,38,12,1,22,49,72
2021-10-17 10:00:00,32,10,1,25,36,60
2021-10-17 11:00:00,32,9,1,35,87,122
2021-10-17 12:00:00,51,19,1,32,40,72
2021-10-17 13:00:00,34,15,1,33,43,76
2021-10-17 14:00:00,49,12,1,34,45,78
2021-10-17 15:00:00,46,13,1,33,35,68
2021-10-17 16:00:00,43,11,1,39,40,79
2021-10-17 17:00:00,41,11,1,39,28,67
2021-10-17 18:00:00,38,11,1,36,23,58
2021-10-17 19:00:00,36,14,1,39,26,65
2021-10-17 20:00:00,33,11,1,35,14,49
2021-10-17 21:00:00,29,11,1,36,13,49
2021-10-17 22:00:00,32,13,1,34,15,49
2021-10-17 23:00:00,39,20,1,33,16,49
2021-10-18 00:00:00,32,13,1,36,19,55
2021-10-18 01:00:00,38,13,0,27,5,32
2021-10-18 02:00:00,39,10,0,18,1,19
2021-10-18 03:00:00,34,9,0,20,3,24
2021-10-18 04:00:00,31,11,0,25,20,45
2021-10-18 05:00:00,40,13,0,30,55,85
2021-10-18 06:00:00,43,15,1,38,94,132
2021-10-18 07:00:00,50,15,1,39,121,160
2021-10-18 08:00:00,39,17,1,42,101,143
2021-10-18 09:00:00,44,17,1,41,87,127
2021-10-18 10:00:00,51,15,1,32,41,73
2021-10-18 11:00:00,58,11,1,31,35,66
2021-10-18 12:00:00,54,13,1,36,45,81
2021-10-18 13:00:00,50,15,1,33,23,56
2021-10-18 14:00:00,45,12,1,33,20,53
2021-10-18 15:00:00,40,10,1,37,36,73
2021-10-18 16:00:00,50,14,1,49,72,121
2021-10-18 17:00:00,70,19,1,52,86,138
2021-10-18 18:00:00,76,19,1,53,110,164
2021-10-18 19:00:00,90,23,1,50,97,147
2021-10-18 20:00:00,79,24,1,48,132,180
2021-10-18 21:00:00,101,29,1,47,128,175
2021-10-18 22:00:00,96,25,1,42,94,136
2021-10-18 23:00:00,100,23,1,37,63,100
2021-10-19 00:00:00,85,20,1,34,44,78
2021-10-19 01:00:00,67,18,1,31,24,55
2021-10-19 02:00:00,58,14,1,29,25,54
2021-10-19 03:00:00,66,13,0,25,14,40
2021-10-19 04:00:00,52,14,0,27,55,82
2021-10-19 05:00:00,71,14,1,29,81,110
2021-10-19 06:00:00,66,16,1,32,135,168
2021-10-19 07:00:00,76,19,1,32,142,174
2021-10-19 08:00:00,85,18,1,33,105,138
2021-10-19 09:00:00,75,19,2,36,119,154
2021-10-19 10:00:00,81,22,1,37,97,134
2021-10-19 11:00:00,76,21,1,41,102,143
2021-10-19 12:00:00,82,21,1,45,106,151
2021-10-19 13:00:00,81,26,1,45,55,99
2021-10-19 14:00:00,70,19,1,46,28,74
2021-10-19 15:00:00,58,19,1,61,58,119
2021-10-19 16:00:00,84,27,2,71,107,178
2021-10-19 17:00:00,108,31,2,67,123,190
2021-10-19 18:00:00,140,34,2,68,108,176
2021-10-19 19:00:00,151,35,2,64,98,163
2021-10-19 20:00:00,117,33,1,61,78,140
2021-10-19 21:00:00,108,33,1,60,74,133
2021-10-19 22:00:00,102,30,1,58,45,104
2021-10-19 23:00:00,105,30,1,52,40,92
2021-10-20 00:00:00,96,33,1,46,21,68
2021-10-20 01:00:00,93,32,1,33,3,37
2021-10-20 02:00:00,79,22,1,33,6,39
2021-10-20 02:00:00,79,22,1,33,6,39
2021-10-20 03:00:00,68,26,1,32,11,42
2021-10-20 04:00:00,78,29,1,28,36,65
2021-10-20 05:00:00,97,30,1,32,95,127
2021-10-20 06:00:00,94,30,1,34,134,168
2021-10-20 07:00:00,109,32,2,34,175,209
2021-10-20 08:00:00,104,28,2,41,144,185
2021-10-20 09:00:00,70,20,1,39,81,120
2021-10-20 10:00:00,61,21,1,52,112,164
2021-10-20 11:00:00,69,24,1,58,84,142
2021-10-20 12:00:00,87,24,1,68,80,148
2021-10-20 13:00:00,72,24,1,60,39,99
2021-10-20 14:00:00,70,24,1,54,29,83
2021-10-20 15:00:00,78,21,1,72,45,117
2021-10-20 16:00:00,89,24,1,68,40,108
2021-10-20 17:00:00,82,27,1,81,77,158
2021-10-20 18:00:00,97,35,2,78,97,176
2021-10-20 19:00:00,106,33,2,77,98,175
2021-10-20 20:00:00,116,33,1,66,52,117
2021-10-20 21:00:00,87,35,1,54,3,57
2021-10-20 22:00:00,72,33,1,51,9,60
2021-10-20 23:00:00,93,36,1,40,1,41
2021-10-21 00:00:00,119,39,1,41,2,43
2021-10-21 01:00:00,115,39,1,41,3,44
2021-10-21 02:00:00,114,38,1,37,2,39
2021-10-21 03:00:00,110,42,1,31,0,31
2021-10-21 04:00:00,132,49,1,21,1,21
2021-10-21 05:00:00,123,40,1,33,8,41
2021-10-21 06:00:00,80,31,1,50,54,103
2021-10-21 07:00:00,71,23,1,42,35,76
2021-10-21 08:00:00,48,23,1,50,114,164
2021-10-21 09:00:00,79,28,1,51,63,114
2021-10-21 10:00:00,73,28,1,48,20,68
2021-10-21 11:00:00,70,32,1,74,85,159
2021-10-21 12:00:00,96,37,1,76,63,138
2021-10-21 13:00:00,85,33,1,61,29,90
2021-10-21 14:00:00,77,30,2,53,21,74
2021-10-21 15:00:00,64,25,2,63,27,89
2021-10-21 16:00:00,72,30,2,68,33,102
2021-10-21 17:00:00,75,31,1,55,18,70
2021-10-21 18:00:00,68,32,1,42,11,53
2021-10-21 19:00:00,56,21,1,57,17,74
2021-10-21 20:00:00,66,30,1,63,11,73
2021-10-21 21:00:00,76,32,1,37,1,38
2021-10-21 22:00:00,63,25,0,41,13,54
2021-10-21 23:00:00,68,21,0,33,4,38
2021-10-22 00:00:00,52,15,0,20,0,20
2021-10-22 01:00:00,48,13,0,20,0,20
2021-10-22 02:00:00,43,13,0,24,3,27
2021-10-22 03:00:00,42,11,0,31,7,38
2021-10-22 04:00:00,53,15,0,26,4,30
2021-10-22 05:00:00,48,15,0,33,22,55
2021-10-22 06:00:00,58,16,0,34,44,79
2021-10-22 07:00:00,76,23,1,32,44,76
2021-10-22 08:00:00,69,28,1,31,38,68
2021-10-22 09:00:00,77,27,1,35,32,67
2021-10-22 10:00:00,77,23,1,33,19,52
2021-10-22 11:00:00,56,18,1,46,27,73
2021-10-22 12:00:00,69,23,1,43,8,51
2021-10-22 13:00:00,66,26,1,36,4,39
2021-10-22 14:00:00,63,24,1,42,37,79
2021-10-22 15:00:00,54,20,1,53,61,115
2021-10-22 16:00:00,71,22,1,61,43,105
2021-10-22 17:00:00,77,25,1,49,35,84
2021-10-22 18:00:00,59,25,1,29,30,59
2021-10-22 19:00:00,50,15,1,39,115,154
2021-10-22 20:00:00,65,16,1,35,59,94
2021-10-22 21:00:00,61,18,1,33,56,88
2021-10-22 22:00:00,47,18,1,32,52,84
2021-10-22 23:00:00,43,18,1,29,26,54
2021-10-23 00:00:00,58,16,0,30,44,74
2021-10-23 01:00:00,60,16,0,28,45,73
2021-10-23 02:00:00,56,17,0,25,15,40
2021-10-23 03:00:00,47,16,0,24,17,41
2021-10-23 04:00:00,48,17,0,23,20,43
2021-10-23 05:00:00,54,22,0,25,58,83
2021-10-23 06:00:00,73,29,0,23,62,85
2021-10-23 07:00:00,74,23,1,26,100,125
2021-10-23 08:00:00,89,24,1,26,77,103
2021-10-23 09:00:00,93,30,1,22,39,61
2021-10-23 10:00:00,68,24,0,20,20,40
2021-10-23 11:00:00,59,16,0,18,11,29
2021-10-23 12:00:00,47,15,0,14,2,16
2021-10-23 13:00:00,39,12,1,13,1,14
2021-10-23 14:00:00,43,12,1,10,1,11
2021-10-23 15:00:00,36,9,1,11,2,14
2021-10-23 16:00:00,34,9,0,12,2,14
2021-10-23 17:00:00,37,9,0,14,2,15
2021-10-23 18:00:00,31,10,0,12,1,13
2021-10-23 19:00:00,35,10,0,20,6,26
2021-10-23 20:00:00,37,9,0,18,3,22
2021-10-23 21:00:00,36,9,0,19,6,25
2021-10-23 22:00:00,35,9,0,16,4,20
2021-10-23 23:00:00,31,11,0,9,1,9
2021-10-24 00:00:00,37,9,0,4,0,5
2021-10-24 01:00:00,35,10,0,3,2,4
2021-10-24 02:00:00,26,8,0,1,0,1
2021-10-24 03:00:00,25,7,0,2,0,2
2021-10-24 04:00:00,31,9,0,8,0,8
2021-10-24 05:00:00,39,11,0,13,3,16
2021-10-24 06:00:00,40,12,0,13,3,16
2021-10-24 07:00:00,38,11,0,16,10,25
2021-10-24 08:00:00,46,13,0,22,25,47
2021-10-24 09:00:00,47,14,1,22,20,42
2021-10-24 10:00:00,54,17,1,24,22,46
2021-10-24 11:00:00,55,18,1,18,4,22
2021-10-24 12:00:00,37,16,1,19,5,24
2021-10-24 13:00:00,39,12,1,20,3,23
2021-10-24 14:00:00,26,8,1,20,7,27
2021-10-24 15:00:00,31,10,1,46,12,58
2021-10-24 16:00:00,71,17,1,49,12,61
2021-10-24 17:00:00,65,18,1,41,12,53
2021-10-24 18:00:00,44,14,1,54,23,77
2021-10-24 19:00:00,75,20,1,47,18,65
2021-10-24 20:00:00,68,16,1,46,37,83
2021-10-24 21:00:00,71,23,1,33,5,39
2021-10-24 22:00:00,59,20,0,33,9,41
2021-10-24 23:00:00,59,22,0,25,5,31
2021-10-25 00:00:00,52,20,0,5,1,5
2021-10-25 01:00:00,27,12,0,2,1,3
2021-10-25 02:00:00,32,16,0,2,0,2
2021-10-25 03:00:00,39,14,0,2,0,2
2021-10-25 04:00:00,32,12,0,5,1,5
2021-10-25 05:00:00,35,14,0,19,8,27
2021-10-25 06:00:00,35,15,0,25,17,43
2021-10-25 07:00:00,42,17,1,31,27,59
2021-10-25 08:00:00,50,18,1,38,43,81
2021-10-25 09:00:00,54,15,1,39,36,75
2021-10-25 10:00:00,51,16,1,30,14,45
2021-10-25 11:00:00,43,15,1,28,9,37
2021-10-25 12:00:00,42,12,1,29,10,39
2021-10-25 13:00:00,38,11,2,30,12,43
2021-10-25 14:00:00,38,10,2,32,16,49
2021-10-25 15:00:00,37,14,1,48,15,63
2021-10-25 16:00:00,58,20,1,63,20,83
2021-10-25 17:00:00,78,27,1,56,22,78
2021-10-25 18:00:00,68,23,1,33,4,37
2021-10-25 19:00:00,56,22,1,58,30,88
2021-10-25 20:00:00,74,19,1,59,35,94
2021-10-25 21:00:00,68,23,1,47,22,69
2021-10-25 22:00:00,65,23,0,35,7,42
2021-10-25 23:00:00,57,25,0,24,1,26
2021-10-26 00:00:00,50,22,0,8,5,13
2021-10-26 01:00:00,45,19,0,10,1,11
2021-10-26 02:00:00,36,16,0,1,0,1
2021-10-26 02:00:00,36,16,0,1,0,1
2021-10-26 03:00:00,46,18,0,6,1,6
2021-10-26 04:00:00,47,17,0,11,1,12
2021-10-26 05:00:00,44,19,0,16,3,20
2021-10-26 06:00:00,45,21,0,34,25,59
2021-10-26 07:00:00,57,21,0,30,17,47
2021-10-26 08:00:00,64,22,1,35,29,64
2021-10-26 09:00:00,58,23,1,42,34,77
2021-10-26 10:00:00,56,23,1,32,16,47
2021-10-26 11:00:00,55,24,1,38,18,56
2021-10-26 12:00:00,48,19,1,36,14,49
2021-10-26 13:00:00,54,22,2,56,32,88
2021-10-26 14:00:00,60,22,1,43,12,55
2021-10-26 15:00:00,55,14,1,45,15,60
2021-10-26 16:00:00,54,21,1,80,17,98
2021-10-26 17:00:00,86,35,1,94,27,121
2021-10-26 18:00:00,91,37,1,81,25,106
2021-10-26 19:00:00,89,29,1,79,52,131
2021-10-26 20:00:00,96,29,1,67,56,123
2021-10-26 21:00:00,88,26,1,57,50,107
2021-10-26 22:00:00,82,31,1,43,32,76
2021-10-26 23:00:00,63,22,0,32,16,48
2021-10-27 00:00:00,51,21,0,22,4,26
2021-10-27 01:00:00,49,21,0,20,1,21
2021-10-27 02:00:00,46,21,0,19,3,22
2021-10-27 03:00:00,43,20,0,33,13,46
2021-10-27 04:00:00,50,22,0,40,34,73
2021-10-27 05:00:00,62,25,0,41,57,98
2021-10-27 06:00:00,78,29,1,50,152,202
2021-10-27 07:00:00,95,34,1,46,130,176
2021-10-27 08:00:00,89,33,1,36,46,82
2021-10-27 09:00:00,75,28,1,37,53,90
2021-10-27 10:00:00,71,25,1,36,25,62
2021-10-27 11:00:00,60,23,1,35,18,53
2021-10-27 12:00:00,64,24,1,37,17,54
2021-10-27 13:00:00,53,22,1,41,18,59
2021-10-27 14:00:00,64,23,1,54,26,81
2021-10-27 15:00:00,75,27,1,51,20,72
2021-10-27 16:00:00,63,23,1,54,16,70
2021-10-27 17:00:00,72,26,1,65,35,100
2021-10-27 18:00:00,77,28,1,61,38,99
2021-10-27 19:00:00,84,26,1,50,30,80
2021-10-27 20:00:00,75,27,1,51,49,100
2021-10-27 21:00:00,85,30,1,48,45,92
2021-10-27 22:00:00,85,33,1,48,44,92
2021-10-27 23:00:00,76,29,1,41,26,67
2021-10-28 00:00:00,77,27,0,39,13,52
2021-10-28 01:00:00,61,25,0,36,8,44
2021-10-28 02:00:00,66,26,0,33,8,41
2021-10-28 03:00:00,65,26,0,35,14,49
2021-10-28 04:00:00,63,28,0,40,21,61
2021-10-28 05:00:00,75,30,0,41,54,96
2021-10-28 06:00:00,79,31,1,47,113,160
2021-10-28 07:00:00,95,38,1,40,51,91
2021-10-28 08:00:00,81,33,1,38,39,77
2021-10-28 09:00:00,71,29,1,37,37,74
2021-10-28 10:00:00,70,33,1,37,25,62
2021-10-28 11:00:00,72,30,1,37,20,57
2021-10-28 12:00:00,70,32,1,46,54,100
2021-10-28 13:00:00,91,32,1,42,37,80
2021-10-28 14:00:00,76,31,1,44,36,80
2021-10-28 15:00:00,81,35,1,46,35,80
2021-10-28 16:00:00,82,33,1,50,48,99
2021-10-28 17:00:00,86,30,1,48,43,91
2021-10-28 18:00:00,69,22,1,40,26,67
2021-10-28 19:00:00,62,21,1,46,34,81
2021-10-28 20:00:00,63,21,1,43,33,76
2021-10-28 21:00:00,70,20,1,43,38,81
2021-10-28 22:00:00,67,24,1,39,28,67
2021-10-28 23:00:00,70,19,1,33,9,42
2021-10-29 00:00:00,53,17,0,16,2,17
2021-10-29 01:00:00,46,15,0,14,1,15
2021-10-29 02:00:00,51,20,0,12,2,13
2021-10-29 03:00:00,51,16,0,17,4,21
2021-10-29 04:00:00,47,20,0,17,6,22
2021-10-29 05:00:00,45,18,0,24,18,42
2021-10-29 06:00:00,50,19,0,26,34,60
2021-10-29 07:00:00,50,19,1,26,34,60
2021-10-29 08:00:00,61,21,1,35,49,84
2021-10-29 09:00:00,51,18,1,35,43,78
2021-10-29 10:00:00,48,19,1,30,22,52
2021-10-29 11:00:00,55,17,1,40,29,70
2021-10-29 12:00:00,59,23,1,41,22,63
2021-10-29 13:00:00,64,22,1,51,28,79
2021-10-29 14:00:00,66,28,1,51,17,69
2021-10-29 15:00:00,65,30,1,48,14,62
2021-10-29 16:00:00,63,26,1,52,16,69
2021-10-29 17:00:00,57,24,1,47,6,53
2021-10-29 18:00:00,54,25,1,55,25,79
2021-10-29 19:00:00,69,26,1,41,16,57
2021-10-29 20:00:00,49,19,1,50,43,93
2021-10-29 21:00:00,64,23,1,41,3,44
2021-10-29 22:00:00,51,23,1,48,72,120
2021-10-29 23:00:00,72,24,1,48,84,132
2021-10-30 00:00:00,86,27,1,46,56,102
2021-10-30 01:00:00,82,26,1,44,31,75
2021-10-30 02:00:00,75,26,1,41,8,49
2021-10-30 03:00:00,91,36,1,36,4,40
2021-10-30 04:00:00,128,46,1,38,12,50
2021-10-30 05:00:00,135,46,1,40,35,75
2021-10-30 06:00:00,138,48,1,42,71,113
2021-10-30 07:00:00,122,48,1,42,128,170
2021-10-30 08:00:00,136,48,1,40,92,131
2021-10-30 09:00:00,104,37,1,41,77,119
2021-10-30 10:00:00,94,34,1,40,57,97
2021-10-30 11:00:00,85,33,1,46,41,86
2021-10-30 12:00:00,91,34,1,47,30,77
2021-10-30 13:00:00,88,30,1,43,18,61
2021-10-30 14:00:00,69,29,1,53,22,75
2021-10-30 15:00:00,72,27,1,43,21,64
2021-10-30 16:00:00,65,19,1,59,82,141
2021-10-30 17:00:00,90,26,1,49,35,84
2021-10-30 18:00:00,60,22,1,29,9,38
2021-10-30 19:00:00,44,16,1,31,17,47
2021-10-30 20:00:00,36,13,1,29,16,45
2021-10-30 21:00:00,34,13,1,31,18,49
2021-10-30 22:00:00,38,14,0,25,7,32
2021-10-30 23:00:00,33,11,0,19,2,21
2021-10-31 00:00:00,40,11,0,22,25,47
2021-10-31 01:00:00,43,14,0,24,19,43
2021-10-31 02:00:00,26,13,0,15,9,24
2021-10-31 02:00:00,26,13,0,15,9,24
2021-10-31 03:00:00,27,10,0,21,21,42
2021-10-31 04:00:00,32,9,0,22,43,65
2021-10-31 05:00:00,56,14,0,23,52,74
2021-10-31 06:00:00,69,15,1,25,90,115
2021-10-31 07:00:00,82,21,1,24,64,88
2021-10-31 08:00:00,50,24,1,29,95,124
2021-10-31 09:00:00,84,28,1,33,59,92
2021-10-31 10:00:00,68,25,1,33,37,71
2021-10-31 11:00:00,63,17,1,37,31,68
2021-10-31 12:00:00,60,19,1,22,9,31
2021-10-31 13:00:00,43,12,1,20,8,28
2021-10-31 14:00:00,39,13,1,22,8,30
2021-10-31 15:00:00,40,14,1,43,40,83
2021-10-31 16:00:00,107,24,1,53,60,112
2021-10-31 17:00:00,93,26,1,53,57,109
2021-10-31 18:00:00,98,27,1,31,34,65
2021-10-31 19:00:00,59,10,1,32,51,83
2021-10-31 20:00:00,37,15,1,31,29,59
2021-10-31 21:00:00,40,14,1,33,51,84
2021-10-31 22:00:00,47,14,1,31,25,56
2021-10-31 23:00:00,31,13,1,28,14,42
2021-11-01 00:00:00,43,13,1,28,33,61
2021-11-01 01:00:00,42,16,1,27,57,84
2021-11-01 02:00:00,40,16,1,26,48,74
2021-11-01 03:00:00,39,16,0,24,30,54
2021-11-01 04:00:00,31,13,0,24,55,79
2021-11-01 05:00:00,58,14,1,24,73,97
2021-11-01 06:00:00,66,16,1,29,130,160
2021-11-01 07:00:00,76,25,1,34,203,237
2021-11-01 08:00:00,109,35,1,31,131,162
2021-11-01 09:00:00,91,29,1,32,109,141
2021-11-01 10:00:00,92,27,1,34,59,93
2021-11-01 11:00:00,83,26,1,32,33,65
2021-11-01 12:00:00,65,17,1,31,29,60
2021-11-01 13:00:00,67,18,1,32,20,52
2021-11-01 14:00:00,52,19,1,33,14,47
2021-11-01 15:00:00,54,18,1,45,34,79
2021-11-01 16:00:00,62,18,1,68,54,122
2021-11-01 17:00:00,86,28,1,47,49,96
2021-11-01 18:00:00,66,21,1,38,40,78
2021-11-01 19:00:00,34,14,1,49,116,165
2021-11-01 20:00:00,45,14,1,46,135,181
2021-11-01 21:00:00,79,23,1,46,143,189
2021-11-01 22:00:00,75,23,1,38,92,129
2021-11-01 23:00:00,70,19,1,37,92,130
2021-11-02 00:00:00,62,17,1,37,115,152
2021-11-02 01:00:00,94,21,1,30,92,121
2021-11-02 02:00:00,74,18,1,30,96,127
2021-11-02 03:00:00,63,18,1,29,97,127
2021-11-02 04:00:00,73,22,1,29,96,125
2021-11-02 05:00:00,92,26,1,34,131,165
2021-11-02 06:00:00,95,29,1,34,142,176
2021-11-02 07:00:00,93,30,1,36,200,237
2021-11-02 08:00:00,123,40,1,35,146,181
2021-11-02 09:00:00,116,39,1,35,107,142
2021-11-02 10:00:00,100,34,1,39,70,109
2021-11-02 11:00:00,91,39,1,33,44,77
2021-11-02 12:00:00,65,21,1,25,24,49
2021-11-02 13:00:00,54,12,1,22,14,36
2021-11-02 14:00:00,49,16,1,22,12,34
2021-11-02 15:00:00,49,14,1,26,13,39
2021-11-02 16:00:00,49,17,1,55,62,117
2021-11-02 17:00:00,83,30,1,57,72,129
2021-11-02 18:00:00,93,27,1,42,59,101
2021-11-02 19:00:00,77,20,1,46,123,169
2021-11-02 20:00:00,78,25,1,37,78,114
2021-11-02 21:00:00,71,24,1,25,36,61
2021-11-02 22:00:00,39,18,1,34,87,120
2021-11-02 23:00:00,46,18,1,31,63,94
2021-11-03 00:00:00,70,19,1,27,39,66
2021-11-03 01:00:00,56,21,0,25,22,47
2021-11-03 02:00:00,65,19,0,27,36,64
2021-11-03 03:00:00,65,18,0,27,54,81
2021-11-03 04:00:00,70,20,0,22,63,85
2021-11-03 05:00:00,66,20,1,23,110,133
2021-11-03 06:00:00,78,19,1,25,162,187
2021-11-03 07:00:00,79,24,1,28,199,227
2021-11-03 08:00:00,108,26,2,32,158,190
2021-11-03 09:00:00,97,29,2,37,139,176
2021-11-03 10:00:00,96,32,1,40,121,161
2021-11-03 11:00:00,84,35,1,36,79,115
2021-11-03 12:00:00,81,31,1,40,63,104
2021-11-03 13:00:00,77,29,1,35,35,71
2021-11-03 14:00:00,62,20,1,25,19,44
2021-11-03 15:00:00,54,12,1,26,17,43
2021-11-03 16:00:00,51,13,1,29,13,42
2021-11-03 17:00:00,32,15,1,40,18,58
2021-11-03 18:00:00,49,17,1,41,19,60
2021-11-03 19:00:00,54,19,1,65,65,131
2021-11-03 20:00:00,84,34,1,66,88,155
2021-11-03 21:00:00,95,31,1,64,111,176
2021-11-03 22:00:00,108,36,1,54,81,135
2021-11-03 23:00:00,82,32,1,35,51,86
2021-11-04 00:00:00,70,19,1,31,13,44
2021-11-04 01:00:00,48,18,1,29,32,61
2021-11-04 02:00:00,48,17,1,29,55,84
2021-11-04 03:00:00,71,16,1,29,77,106
2021-11-04 04:00:00,71,21,1,29,95,123
2021-11-04 05:00:00,63,22,1,31,121,152
2021-11-04 06:00:00,88,26,1,34,176,210
2021-11-04 07:00:00,106,30,1,36,194,231
2021-11-04 08:00:00,119,37,2,38,179,218
2021-11-04 09:00:00,117,43,1,36,93,129
2021-11-04 10:00:00,99,30,1,35,54,88
2021-11-04 11:00:00,79,28,1,35,37,72
2021-11-04 12:00:00,72,22,1,31,23,54
2021-11-04 13:00:00,54,19,1,33,15,49
2021-11-04 14:00:00,52,15,1,27,10,37
2021-11-04 15:00:00,55,17,1,27,14,41
2021-11-04 16:00:00,49,17,1,29,19,47
2021-11-04 17:00:00,36,17,1,29,18,47
2021-11-04 18:00:00,44,17,1,28,10,38
2021-11-04 19:00:00,46,16,1,32,11,43
2021-11-04 20:00:00,61,20,1,29,12,41
2021-11-04 21:00:00,52,18,1,37,30,67
2021-11-04 22:00:00,64,19,1,33,21,53
2021-11-04 23:00:00,53,23,1,30,17,47
2021-11-05 00:00:00,68,28,0,23,7,29
2021-11-05 01:00:00,63,24,0,15,4,19
2021-11-05 02:00:00,49,18,0,10,0,10
2021-11-05 03:00:00,50,15,0,8,2,9
2021-11-05 04:00:00,35,16,0,10,6,15
2021-11-05 05:00:00,38,16,0,17,21,38
2021-11-05 06:00:00,38,17,0,21,45,66
2021-11-05 07:00:00,70,21,1,23,72,94
2021-11-05 08:00:00,66,21,1,24,48,73
2021-11-05 09:00:00,63,19,1,25,33,58
2021-11-05 10:00:00,53,15,1,26,28,54
2021-11-05 11:00:00,58,15,1,24,21,45
2021-11-05 12:00:00,46,17,1,38,41,80
2021-11-05 13:00:00,52,18,1,49,56,106
2021-11-05 14:00:00,68,22,1,45,46,91
2021-11-05 15:00:00,64,19,1,35,26,61
2021-11-05 16:00:00,63,16,1,51,35,87
2021-11-05 17:00:00,62,22,1,40,39,79
2021-11-05 18:00:00,54,20,1,74,73,147
2021-11-05 19:00:00,96,30,1,75,73,147
2021-11-05 20:00:00,115,39,1,76,101,178
2021-11-05 21:00:00,122,38,1,75,104,179
2021-11-05 22:00:00,102,42,1,73,101,174
2021-11-05 23:00:00,116,42,1,57,28,86
2021-11-06 00:00:00,106,35,1,58,35,93
2021-11-06 01:00:00,100,39,1,51,9,60
2021-11-06 02:00:00,102,38,0,25,2,27
2021-11-06 03:00:00,78,24,0,20,1,21
2021-11-06 04:00:00,78,19,0,22,2,24
2021-11-06 05:00:00,76,16,0,28,16,44
2021-11-06 06:00:00,59,15,0,31,23,54
2021-11-06 07:00:00,75,25,1,41,64,105
2021-11-06 08:00:00,94,28,1,46,117,162
2021-11-06 09:00:00,109,33,1,52,113,166
2021-11-06 10:00:00,98,37,1,58,98,155
2021-11-06 11:00:00,102,36,1,44,29,72
2021-11-06 12:00:00,91,38,1,49,34,83
2021-11-06 13:00:00,88,38,1,53,56,110
2021-11-06 14:00:00,72,32,1,59,90,149
2021-11-06 15:00:00,94,33,1,58,52,109
2021-11-06 16:00:00,96,28,1,62,60,122
2021-11-06 17:00:00,94,32,1,65,80,145
2021-11-06 18:00:00,90,35,1,57,45,102
2021-11-06 19:00:00,91,33,2,66,121,187
2021-11-06 20:00:00,117,41,1,57,66,123
2021-11-06 21:00:00,107,40,1,63,60,123
2021-11-06 22:00:00,114,41,1,51,28,80
2021-11-06 23:00:00,96,39,1,29,3,32
2021-11-07 00:00:00,81,26,1,34,11,44
2021-11-07 01:00:00,80,29,0,28,5,32
2021-11-07 02:00:00,63,22,0,25,3,28
2021-11-07 03:00:00,65,25,0,16,2,18
2021-11-07 04:00:00,48,16,0,18,6,24
2021-11-07 05:00:00,69,21,0,25,28,53
2021-11-07 06:00:00,63,25,1,31,96,127
2021-11-07 07:00:00,77,33,1,34,129,163
2021-11-07 08:00:00,108,37,1,34,111,145
2021-11-07 09:00:00,121,47,1,38,65,103
2021-11-07 10:00:00,108,45,1,42,34,75
2021-11-07 11:00:00,96,38,1,36,20,55
2021-11-07 12:00:00,71,26,1,29,10,39
2021-11-07 13:00:00,57,23,1,21,4,25
2021-11-07 14:00:00,56,19,1,16,4,21
2021-11-07 15:00:00,53,14,1,18,8,25
2021-11-07 16:00:00,51,14,1,19,6,25
2021-11-07 17:00:00,29,15,1,25,7,31
2021-11-07 18:00:00,51,17,1,56,41,97
2021-11-07 19:00:00,83,25,1,35,15,49
2021-11-07 20:00:00,61,19,1,32,51,82
2021-11-07 21:00:00,51,11,1,32,71,103
2021-11-07 22:00:00,56,15,1,34,113,147
2021-11-07 23:00:00,82,20,1,27,61,88
2021-11-08 00:00:00,70,21,1,31,100,131
2021-11-08 01:00:00,73,19,1,28,54,82
2021-11-08 02:00:00,60,20,1,25,44,69
2021-11-08 03:00:00,47,16,1,26,69,95
2021-11-08 04:00:00,55,21,1,24,76,99
2021-11-08 05:00:00,61,14,1,26,109,135
2021-11-08 06:00:00,73,19,1,29,153,182
2021-11-08 07:00:00,84,29,1,30,171,201
2021-11-08 08:00:00,99,34,2,42,226,269
2021-11-08 09:00:00,108,40,2,38,112,150
2021-11-08 09:00:00,108,40,2,38,112,150
2021-11-08 10:00:00,99,38,1,39,85,124
2021-11-08 11:00:00,112,35,1,29,43,73
2021-11-08 12:00:00,64,21,1,26,31,57
2021-11-08 13:00:00,76,26,1,24,17,41
2021-11-08 14:00:00,65,23,1,26,20,46
2021-11-08 15:00:00,63,17,1,20,12,32
2021-11-08 16:00:00,61,18,1,21,13,34
2021-11-08 17:00:00,45,18,1,21,14,35
2021-11-08 18:00:00,43,14,0,16,6,23
2021-11-08 19:00:00,45,15,0,19,9,27
2021-11-08 20:00:00,46,14,0,20,9,29
2021-11-08 21:00:00,46,16,0,19,5,24
2021-11-08 22:00:00,42,17,0,17,6,23
2021-11-08 23:00:00,53,15,0,10,1,11
2021-11-09 00:00:00,43,17,0,11,2,13
2021-11-09 01:00:00,36,15,0,8,1,9
2021-11-09 02:00:00,45,16,0,4,0,5
2021-11-09 03:00:00,30,16,-9999,1,0,1
2021-11-09 04:00:00,46,15,0,4,1,4
2021-11-09 05:00:00,46,17,0,10,7,17
2021-11-09 06:00:00,50,16,0,15,28,43
2021-11-09 07:00:00,55,21,0,16,29,45
2021-11-09 08:00:00,51,20,0,17,25,42
2021-11-09 09:00:00,38,17,1,21,32,53
2021-11-09 10:00:00,39,18,1,25,40,66
2021-11-09 11:00:00,58,18,1,25,30,55
2021-11-09 12:00:00,42,14,1,20,16,36
2021-11-09 13:00:00,46,12,1,23,13,36
2021-11-09 14:00:00,50,11,1,21,16,37
2021-11-09 15:00:00,52,14,1,25,20,45
2021-11-09 16:00:00,50,15,1,25,15,40
2021-11-09 17:00:00,43,16,1,24,13,36
2021-11-09 18:00:00,49,16,1,27,14,41
2021-11-09 19:00:00,50,16,1,39,18,57
2021-11-09 20:00:00,64,22,1,49,21,70
2021-11-09 21:00:00,81,22,1,48,47,94
2021-11-09 22:00:00,85,28,1,40,45,85
2021-11-09 23:00:00,79,27,1,35,27,62
2021-11-10 00:00:00,68,21,0,22,4,26
2021-11-10 01:00:00,54,18,0,17,2,18
2021-11-10 02:00:00,53,21,0,17,4,21
2021-11-10 03:00:00,49,20,0,17,5,22
2021-11-10 04:00:00,53,20,0,13,2,15
2021-11-10 05:00:00,49,20,0,18,9,27
2021-11-10 06:00:00,52,19,0,28,33,61
2021-11-10 07:00:00,63,22,1,27,34,62
2021-11-10 08:00:00,62,22,1,32,33,65
2021-11-10 09:00:00,55,22,1,38,64,103
2021-11-10 10:00:00,56,27,1,56,141,197
2021-11-10 11:00:00,90,32,1,51,91,142
2021-11-10 12:00:00,80,28,1,47,59,106
2021-11-10 13:00:00,75,26,1,41,36,77
2021-11-10 14:00:00,67,20,1,46,24,70
2021-11-10 15:00:00,62,18,1,48,21,69
2021-11-10 16:00:00,69,21,1,52,18,70
2021-11-10 17:00:00,66,22,1,57,29,86
2021-11-10 18:00:00,76,23,1,52,27,79
2021-11-10 19:00:00,76,27,1,47,23,70
2021-11-10 20:00:00,71,26,1,48,45,92
2021-11-10 21:00:00,76,26,1,48,74,122
2021-11-10 22:00:00,93,29,1,44,57,100
2021-11-10 23:00:00,83,29,1,35,22,57
2021-11-11 00:00:00,66,25,1,33,29,63
2021-11-11 01:00:00,67,20,0,17,0,17
2021-11-11 02:00:00,55,20,0,17,3,20
2021-11-11 03:00:00,57,24,0,21,9,30
2021-11-11 04:00:00,54,26,0,19,7,26
2021-11-11 05:00:00,60,19,0,27,26,53
2021-11-11 06:00:00,67,26,1,41,119,160
2021-11-11 07:00:00,92,32,1,47,143,190
2021-11-11 08:00:00,93,36,1,49,121,170
2021-11-11 09:00:00,103,38,1,45,65,110
2021-11-11 10:00:00,89,33,1,51,64,115
2021-11-11 11:00:00,82,29,1,54,60,114
2021-11-11 12:00:00,82,30,1,73,127,200
2021-11-11 13:00:00,101,32,1,67,60,128
2021-11-11 14:00:00,99,31,1,63,41,103
2021-11-11 15:00:00,101,28,1,68,36,104
2021-11-11 16:00:00,87,28,1,60,24,84
2021-11-11 17:00:00,82,28,1,68,30,98
2021-11-11 18:00:00,83,29,1,67,38,105
2021-11-11 19:00:00,100,30,1,66,64,130
2021-11-11 20:00:00,97,31,1,60,59,119
2021-11-11 21:00:00,99,30,1,51,45,96
2021-11-11 22:00:00,82,30,1,41,27,69
2021-11-11 23:00:00,76,26,0,30,10,40
2021-11-12 00:00:00,60,26,0,24,2,26
2021-11-12 01:00:00,81,27,0,13,1,14
2021-11-12 02:00:00,60,25,0,4,0,4
2021-11-12 03:00:00,48,15,0,8,2,10
2021-11-12 04:00:00,49,18,0,11,2,13
2021-11-12 05:00:00,49,18,0,28,37,65
2021-11-12 06:00:00,66,19,1,32,60,92
2021-11-12 07:00:00,70,27,1,36,97,132
2021-11-12 08:00:00,85,31,2,47,152,199
2021-11-12 09:00:00,100,38,1,48,96,144
2021-11-12 10:00:00,91,33,1,44,48,92
2021-11-12 11:00:00,81,29,1,51,61,112
2021-11-12 12:00:00,81,24,1,65,86,150
2021-11-12 13:00:00,88,24,1,71,82,153
2021-11-12 14:00:00,80,23,1,52,24,76
2021-11-12 15:00:00,81,30,1,56,25,81
2021-11-12 16:00:00,89,32,1,54,12,65
2021-11-12 17:00:00,84,33,1,69,11,80
2021-11-12 18:00:00,108,42,1,86,62,149
2021-11-12 19:00:00,131,48,1,52,44,96
2021-11-12 20:00:00,103,31,1,37,15,51
2021-11-12 21:00:00,69,24,1,30,11,42
2021-11-12 22:00:00,60,29,0,29,8,37
2021-11-12 23:00:00,65,26,0,28,6,34
2021-11-13 00:00:00,65,28,1,37,39,77
2021-11-13 01:00:00,78,28,1,35,30,65
2021-11-13 02:00:00,64,28,0,35,30,65
2021-11-13 03:00:00,59,22,0,34,21,55
2021-11-13 04:00:00,64,25,0,32,13,45
2021-11-13 05:00:00,70,29,0,38,47,85
2021-11-13 06:00:00,71,30,1,42,70,112
2021-11-13 07:00:00,86,27,1,39,64,103
2021-11-13 08:00:00,80,34,1,43,77,120
2021-11-13 09:00:00,74,29,1,33,32,65
2021-11-13 10:00:00,66,24,1,32,21,52
2021-11-13 11:00:00,62,23,1,26,10,36
2021-11-13 12:00:00,68,30,1,25,11,36
2021-11-13 13:00:00,53,24,1,23,10,33
2021-11-13 14:00:00,52,17,1,27,9,36
2021-11-13 15:00:00,43,16,1,18,6,24
2021-11-13 16:00:00,51,17,0,18,7,25
2021-11-13 17:00:00,36,18,1,43,28,70
2021-11-13 18:00:00,68,26,1,39,21,61
2021-11-13 19:00:00,69,25,1,53,40,93
2021-11-13 20:00:00,93,30,1,50,40,90
2021-11-13 21:00:00,93,35,1,50,43,93
2021-11-13 22:00:00,109,35,1,50,44,95
2021-11-13 23:00:00,118,40,1,50,42,92
2021-11-14 00:00:00,106,38,1,46,32,78
2021-11-14 01:00:00,91,33,1,42,20,61
2021-11-14 02:00:00,97,38,0,31,4,35
2021-11-14 03:00:00,74,35,0,27,3,30
2021-11-14 04:00:00,76,37,0,20,-9999,20
2021-11-14 05:00:00,71,35,0,9,0,9
2021-11-14 06:00:00,70,30,0,20,4,24
2021-11-14 07:00:00,73,35,1,26,16,42
2021-11-14 08:00:00,81,39,1,31,29,60
2021-11-14 09:00:00,85,38,1,31,21,53
2021-11-14 10:00:00,68,34,1,31,14,45
2021-11-14 11:00:00,69,33,1,22,7,29
2021-11-14 12:00:00,49,22,1,20,7,27
2021-11-14 13:00:00,51,22,1,15,2,18
2021-11-14 14:00:00,52,18,0,11,1,13
2021-11-14 15:00:00,57,19,1,15,0,15
2021-11-14 16:00:00,58,24,0,19,3,22
2021-11-14 17:00:00,50,25,1,29,9,38
2021-11-14 18:00:00,55,26,1,28,6,34
2021-11-14 19:00:00,69,30,1,25,3,28
2021-11-14 20:00:00,66,29,1,28,5,33
2021-11-14 21:00:00,63,30,1,33,14,46
2021-11-14 22:00:00,74,32,1,45,44,89
2021-11-14 23:00:00,91,34,1,47,52,99
2021-11-15 00:00:00,91,39,1,40,27,67
2021-11-15 01:00:00,87,36,0,30,13,43
2021-11-15 02:00:00,73,32,0,26,7,32
2021-11-15 03:00:00,80,33,0,13,0,13
2021-11-15 04:00:00,72,32,0,27,6,33
2021-11-15 05:00:00,86,38,0,28,22,50
2021-11-15 06:00:00,84,44,1,33,35,68
2021-11-15 07:00:00,80,34,1,39,49,88
2021-11-15 08:00:00,90,41,1,38,35,73
2021-11-15 09:00:00,76,30,1,41,37,77
2021-11-15 10:00:00,79,32,1,43,32,74
2021-11-15 11:00:00,87,34,1,40,17,58
2021-11-15 12:00:00,82,31,1,41,19,61
2021-11-15 13:00:00,71,28,1,34,11,45
2021-11-15 14:00:00,55,21,1,25,6,31
2021-11-15 15:00:00,53,16,1,19,3,22
2021-11-15 16:00:00,44,17,1,26,8,34
2021-11-15 17:00:00,43,19,1,35,14,48
2021-11-15 18:00:00,45,19,1,27,4,31
2021-11-15 19:00:00,57,21,1,34,6,40
2021-11-15 20:00:00,56,24,1,29,5,34
2021-11-15 21:00:00,50,25,1,34,7,41
2021-11-15 22:00:00,71,24,1,43,11,53
2021-11-15 23:00:00,76,31,1,40,5,45
2021-11-16 00:00:00,90,30,1,34,2,36
2021-11-16 01:00:00,84,29,0,22,1,23
2021-11-16 02:00:00,60,21,0,13,0,13
2021-11-16 03:00:00,44,20,0,13,1,14
2021-11-16 04:00:00,41,20,0,15,1,17
2021-11-16 05:00:00,39,20,0,25,13,38
2021-11-16 06:00:00,47,19,0,31,36,67
2021-11-16 07:00:00,52,21,1,30,29,59
2021-11-16 08:00:00,54,23,1,31,31,62
2021-11-16 09:00:00,51,23,1,23,14,37
2021-11-16 10:00:00,62,25,1,26,16,41
2021-11-16 11:00:00,113,23,-9999,-9999,-9999,0
2021-11-16 12:00:00,-9999,22,1,20,10,30
2021-11-16 13:00:00,49,17,1,19,7,26
2021-11-16 14:00:00,44,14,1,14,4,18
2021-11-16 15:00:00,45,11,1,19,8,27
2021-11-16 16:00:00,38,11,1,15,6,22
2021-11-16 17:00:00,27,11,1,24,16,39
2021-11-16 18:00:00,31,10,1,23,13,36
2021-11-16 19:00:00,41,13,1,21,6,26
2021-11-16 20:00:00,42,12,0,20,11,31
2021-11-16 21:00:00,46,11,0,19,8,27
2021-11-16 22:00:00,32,13,0,24,15,39
2021-11-16 23:00:00,36,13,0,17,2,19
2021-11-17 00:00:00,36,11,0,7,0,7
2021-11-17 01:00:00,25,10,0,3,0,3
2021-11-17 02:00:00,27,10,0,4,4,8
2021-11-17 03:00:00,35,10,0,2,0,2
2021-11-17 04:00:00,30,10,0,4,2,7
2021-11-17 05:00:00,30,12,0,12,10,22
2021-11-17 06:00:00,38,12,0,16,19,36
2021-11-17 07:00:00,38,11,1,23,44,67
2021-11-17 08:00:00,48,13,1,21,41,62
2021-11-17 09:00:00,49,13,1,24,31,55
2021-11-17 10:00:00,64,17,1,33,29,61
2021-11-17 11:00:00,51,19,1,33,25,58
2021-11-17 12:00:00,52,16,1,26,14,40
2021-11-17 13:00:00,55,17,1,22,12,34
2021-11-17 14:00:00,48,14,1,19,11,30
2021-11-17 15:00:00,38,13,1,12,4,15
2021-11-17 16:00:00,48,11,1,18,7,25
2021-11-17 17:00:00,25,11,1,19,10,29
2021-11-17 18:00:00,39,13,1,16,7,24
2021-11-17 19:00:00,44,11,1,24,7,31
2021-11-17 20:00:00,47,14,1,25,10,35
2021-11-17 21:00:00,57,17,1,35,16,51
2021-11-17 22:00:00,54,22,1,37,14,51
2021-11-17 23:00:00,55,22,1,30,13,44
2021-11-18 00:00:00,57,21,1,30,10,40
2021-11-18 01:00:00,65,20,0,21,3,24
2021-11-18 02:00:00,52,20,0,19,1,20
2021-11-18 03:00:00,45,15,0,16,4,20
2021-11-18 04:00:00,45,18,0,8,0,8
2021-11-18 05:00:00,46,17,0,10,6,15
2021-11-18 06:00:00,54,16,0,23,27,51
2021-11-18 07:00:00,56,20,1,23,26,49
2021-11-18 08:00:00,54,17,1,24,29,53
2021-11-18 09:00:00,47,14,1,23,22,45
2021-11-18 10:00:00,44,13,1,22,15,37
2021-11-18 11:00:00,46,13,1,19,11,31
2021-11-18 12:00:00,35,12,1,22,12,33
2021-11-18 13:00:00,41,13,1,23,11,33
2021-11-18 14:00:00,49,12,1,20,10,30
2021-11-18 15:00:00,52,12,1,18,7,25
2021-11-18 16:00:00,41,16,1,22,10,31
2021-11-18 17:00:00,31,14,1,24,12,36
2021-11-18 18:00:00,37,15,1,25,14,39
2021-11-18 19:00:00,56,19,1,54,33,87
2021-11-18 20:00:00,102,29,1,34,21,54
2021-11-18 21:00:00,51,22,1,23,12,36
2021-11-18 22:00:00,51,23,1,19,10,29
2021-11-18 23:00:00,34,13,0,18,11,30
2021-11-19 00:00:00,44,15,0,19,9,28
2021-11-19 01:00:00,44,17,0,17,3,20
2021-11-19 02:00:00,48,16,0,11,1,12
2021-11-19 03:00:00,43,16,0,12,1,13
2021-11-19 04:00:00,42,17,0,15,7,22
2021-11-19 05:00:00,42,18,0,24,26,50
2021-11-19 06:00:00,66,21,1,29,47,75
2021-11-19 07:00:00,51,22,1,26,47,74
2021-11-19 08:00:00,59,24,1,26,53,79
2021-11-19 09:00:00,68,25,1,28,34,62
2021-11-19 10:00:00,57,21,1,39,40,79
2021-11-19 11:00:00,65,22,1,32,23,55
2021-11-19 12:00:00,58,21,1,29,15,44
2021-11-19 13:00:00,54,17,1,24,10,34
2021-11-19 14:00:00,58,17,1,24,14,37
2021-11-19 15:00:00,48,14,1,25,11,36
2021-11-19 16:00:00,53,17,1,28,15,43
2021-11-19 17:00:00,33,17,1,34,21,55
2021-11-19 18:00:00,41,16,1,40,30,70
2021-11-19 19:00:00,62,19,1,73,69,142
2021-11-19 20:00:00,125,39,2,70,96,166
2021-11-19 21:00:00,119,40,1,47,35,82
2021-11-19 22:00:00,65,29,1,31,8,39
2021-11-19 23:00:00,46,18,1,25,4,29
2021-11-20 00:00:00,51,17,1,26,4,30
2021-11-20 01:00:00,51,14,1,28,4,32
2021-11-20 02:00:00,44,18,0,22,2,24
2021-11-20 03:00:00,60,17,0,35,8,43
2021-11-20 04:00:00,66,22,1,35,13,49
2021-11-20 05:00:00,82,29,1,38,38,76
2021-11-20 06:00:00,208,56,1,44,86,130
2021-11-20 07:00:00,137,56,1,43,106,148
2021-11-20 08:00:00,109,52,1,44,93,137
2021-11-20 09:00:00,132,42,1,49,102,151
2021-11-20 10:00:00,115,36,1,46,66,113
2021-11-20 11:00:00,98,30,1,37,23,60
2021-11-20 12:00:00,64,25,1,67,98,165
2021-11-20 13:00:00,109,31,1,50,27,77
2021-11-20 14:00:00,78,25,1,48,19,67
2021-11-20 15:00:00,73,22,1,52,18,70
2021-11-20 16:00:00,76,28,1,72,67,140
2021-11-20 17:00:00,71,30,1,64,58,122
2021-11-20 18:00:00,97,29,1,58,26,84
2021-11-20 19:00:00,96,27,2,66,96,162
2021-11-20 20:00:00,124,41,2,60,72,133
2021-11-20 21:00:00,93,38,1,51,42,93
2021-11-20 22:00:00,72,33,1,40,26,66
2021-11-20 23:00:00,65,32,1,38,17,55
2021-11-21 00:00:00,61,21,1,29,7,36
2021-11-21 01:00:00,48,19,0,24,1,25
2021-11-21 02:00:00,53,17,0,18,0,18
2021-11-21 03:00:00,42,15,0,15,0,15
2021-11-21 04:00:00,54,19,0,15,2,17
2021-11-21 05:00:00,51,17,0,18,2,21
2021-11-21 06:00:00,57,16,0,26,26,52
2021-11-21 07:00:00,60,18,1,32,53,85
2021-11-21 08:00:00,70,21,1,41,75,116
2021-11-21 09:00:00,58,21,1,42,83,125
2021-11-21 10:00:00,69,21,1,48,94,142
2021-11-21 11:00:00,91,27,1,52,56,108
2021-11-21 12:00:00,98,33,1,46,25,71
2021-11-21 13:00:00,77,26,1,43,13,56
2021-11-21 14:00:00,84,28,1,30,7,37
2021-11-21 15:00:00,62,25,1,36,5,41
2021-11-21 16:00:00,71,31,1,57,13,71
2021-11-21 17:00:00,78,37,1,75,28,103
2021-11-21 18:00:00,89,39,1,79,52,131
2021-11-21 19:00:00,119,46,1,72,77,149
2021-11-21 20:00:00,107,42,1,64,74,138
2021-11-21 21:00:00,111,38,1,60,95,156
2021-11-21 22:00:00,135,47,1,59,76,135
2021-11-21 23:00:00,109,43,1,49,23,72
2021-11-22 00:00:00,92,39,1,39,23,62
2021-11-22 01:00:00,81,33,1,30,5,35
2021-11-22 02:00:00,72,31,0,20,2,22
2021-11-22 02:00:00,72,31,0,20,2,22
2021-11-22 03:00:00,39,22,0,21,5,27
2021-11-22 04:00:00,41,21,0,31,30,61
2021-11-22 05:00:00,62,23,1,37,100,137
2021-11-22 06:00:00,106,37,1,32,50,82
2021-11-22 07:00:00,80,33,1,28,22,50
2021-11-22 08:00:00,72,33,1,33,42,75
2021-11-22 09:00:00,83,35,1,42,69,113
2021-11-22 10:00:00,82,32,1,36,28,64
2021-11-22 11:00:00,62,26,1,32,22,54
2021-11-22 12:00:00,61,24,1,25,14,39
2021-11-22 13:00:00,54,17,1,22,9,32
2021-11-22 14:00:00,55,16,1,23,10,34
2021-11-22 15:00:00,62,17,1,26,14,39
2021-11-22 16:00:00,49,16,1,27,15,42
2021-11-22 17:00:00,44,18,1,27,13,40
2021-11-22 18:00:00,52,16,1,35,20,55
2021-11-22 19:00:00,50,20,1,37,25,62
2021-11-22 20:00:00,61,20,1,35,28,63
2021-11-22 21:00:00,69,21,1,41,40,80
2021-11-22 22:00:00,81,32,1,45,77,123
2021-11-22 23:00:00,109,39,1,37,35,72
2021-11-23 00:00:00,79,27,0,25,7,32
2021-11-23 01:00:00,61,22,0,15,1,16
2021-11-23 02:00:00,55,18,0,13,4,16
2021-11-23 03:00:00,43,20,0,6,0,6
2021-11-23 04:00:00,38,14,0,9,4,13
2021-11-23 05:00:00,42,17,0,10,7,17
2021-11-23 06:00:00,32,15,0,13,15,28
2021-11-23 07:00:00,45,16,0,17,26,43
2021-11-23 08:00:00,46,19,0,17,26,43
2021-11-23 09:00:00,53,15,1,21,35,56
2021-11-23 10:00:00,52,13,0,20,22,42
2021-11-23 11:00:00,50,17,0,23,29,53
2021-11-23 12:00:00,54,18,0,19,22,41
2021-11-23 13:00:00,45,19,0,13,9,22
2021-11-23 14:00:00,45,17,0,16,12,28
2021-11-23 15:00:00,43,15,0,13,10,23
2021-11-23 16:00:00,34,11,0,14,14,28
2021-11-23 17:00:00,27,11,0,14,16,30
2021-11-23 18:00:00,33,14,0,15,10,25
2021-11-23 19:00:00,40,14,1,22,30,52
2021-11-23 20:00:00,47,14,1,28,41,69
2021-11-23 21:00:00,64,18,1,31,77,108
2021-11-23 22:00:00,68,19,1,29,61,90
2021-11-23 23:00:00,66,23,1,27,61,88
2021-11-24 00:00:00,74,21,1,26,38,64
2021-11-24 01:00:00,51,18,0,24,37,61
2021-11-24 02:00:00,52,19,0,24,37,60
2021-11-24 03:00:00,55,20,0,25,34,59
2021-11-24 04:00:00,62,20,0,27,37,64
2021-11-24 05:00:00,55,22,0,26,29,55
2021-11-24 06:00:00,61,17,1,28,66,94
2021-11-24 07:00:00,59,22,1,25,26,51
2021-11-24 08:00:00,59,18,1,21,24,45
2021-11-24 09:00:00,35,16,1,26,35,61
2021-11-24 10:00:00,56,18,1,25,31,56
2021-11-24 11:00:00,44,16,1,24,25,48
2021-11-24 12:00:00,44,14,1,29,42,70
2021-11-24 13:00:00,57,17,1,25,19,44
2021-11-24 14:00:00,44,16,1,26,23,49
2021-11-24 15:00:00,53,17,1,33,19,51
2021-11-24 16:00:00,54,18,1,45,38,83
2021-11-24 17:00:00,55,24,1,42,30,72
2021-11-24 18:00:00,55,20,1,39,34,73
2021-11-24 19:00:00,68,19,1,50,38,88
2021-11-24 20:00:00,71,25,1,43,39,82
2021-11-24 21:00:00,56,21,1,40,29,69
2021-11-24 22:00:00,64,21,1,45,38,83
2021-11-24 23:00:00,73,27,1,58,79,137
2021-11-25 00:00:00,119,32,1,53,49,102
2021-11-25 01:00:00,87,25,1,40,21,61
2021-11-25 02:00:00,66,29,1,39,33,72
2021-11-25 03:00:00,95,38,1,37,24,61
2021-11-25 04:00:00,87,34,0,26,7,32
2021-11-25 05:00:00,70,28,0,31,19,50
2021-11-25 06:00:00,69,28,1,40,67,107
2021-11-25 07:00:00,69,29,1,43,62,106
2021-11-25 08:00:00,72,27,1,44,68,113
2021-11-25 09:00:00,70,29,1,47,65,111
2021-11-25 10:00:00,76,26,1,46,45,91
2021-11-25 11:00:00,72,26,1,51,47,98
2021-11-25 12:00:00,84,27,1,46,29,75
2021-11-25 13:00:00,72,23,1,58,45,103
2021-11-25 14:00:00,81,24,1,74,44,118
2021-11-25 15:00:00,100,28,1,73,37,110
2021-11-25 16:00:00,98,28,1,75,47,122
2021-11-25 17:00:00,89,29,1,69,42,111
2021-11-25 18:00:00,89,25,1,72,57,129
2021-11-25 19:00:00,92,28,1,71,57,128
2021-11-25 20:00:00,93,27,1,65,64,128
2021-11-25 21:00:00,97,31,1,62,93,155
2021-11-25 22:00:00,102,36,1,58,83,140
2021-11-25 23:00:00,100,32,1,51,56,107
2021-11-26 00:00:00,89,28,0,30,4,34
2021-11-26 01:00:00,60,26,0,24,2,26
2021-11-26 02:00:00,58,27,0,25,6,31
2021-11-26 03:00:00,58,30,0,24,5,29
2021-11-26 04:00:00,72,32,0,27,6,33
2021-11-26 05:00:00,63,32,0,33,22,54
2021-11-26 06:00:00,67,29,1,37,40,76
2021-11-26 07:00:00,68,25,1,39,74,113
2021-11-26 08:00:00,78,34,2,55,170,225
2021-11-26 09:00:00,133,43,2,63,172,234
2021-11-26 10:00:00,132,44,1,60,96,156
2021-11-26 11:00:00,102,36,1,51,47,99
2021-11-26 12:00:00,93,33,1,58,54,111
2021-11-26 13:00:00,90,31,1,57,37,94
2021-11-26 14:00:00,87,31,1,56,31,88
2021-11-26 15:00:00,87,29,1,42,14,55
2021-11-26 16:00:00,69,28,1,67,34,102
2021-11-26 17:00:00,67,33,1,57,25,82
2021-11-26 18:00:00,65,29,1,64,48,112
2021-11-26 19:00:00,86,31,1,44,20,63
2021-11-26 20:00:00,70,27,1,45,21,65
2021-11-26 21:00:00,72,31,1,36,10,46
2021-11-26 22:00:00,58,29,1,36,18,55
2021-11-26 23:00:00,65,30,1,31,6,37
2021-11-27 00:00:00,53,29,0,31,3,35
2021-11-27 01:00:00,60,28,0,23,1,24
2021-11-27 01:00:00,60,28,0,23,1,24
2021-11-27 02:00:00,48,28,0,8,0,8
2021-11-27 03:00:00,53,22,0,4,-9999,4
2021-11-27 04:00:00,48,21,0,6,0,7
2021-11-27 05:00:00,41,26,0,9,3,12
2021-11-27 06:00:00,53,22,0,14,6,20
2021-11-27 07:00:00,48,23,0,23,17,39
2021-11-27 08:00:00,53,26,0,26,24,50
2021-11-27 09:00:00,55,25,1,31,39,70
2021-11-27 10:00:00,63,23,1,38,44,81
2021-11-27 11:00:00,69,25,1,36,29,64
2021-11-27 12:00:00,69,29,1,37,23,60
2021-11-27 13:00:00,74,31,1,37,15,52
2021-11-27 14:00:00,74,22,1,45,21,66
2021-11-27 15:00:00,74,27,1,46,21,66
2021-11-27 16:00:00,71,27,1,54,22,75
2021-11-27 17:00:00,75,29,1,58,26,84
2021-11-27 18:00:00,74,28,1,62,34,96
2021-11-27 19:00:00,86,34,1,62,52,115
2021-11-27 20:00:00,106,37,1,45,13,58
2021-11-27 21:00:00,84,37,1,34,7,41
2021-11-27 22:00:00,78,37,1,34,15,49
2021-11-27 23:00:00,74,30,0,34,9,43
2021-11-28 00:00:00,70,29,0,39,14,53
2021-11-28 01:00:00,77,29,0,40,10,50
2021-11-28 02:00:00,73,26,0,38,11,49
2021-11-28 03:00:00,81,32,0,25,3,28
2021-11-28 04:00:00,71,29,0,30,12,42
2021-11-28 05:00:00,70,31,0,37,22,58
2021-11-28 06:00:00,77,32,0,29,15,44
2021-11-28 07:00:00,74,30,0,27,16,43
2021-11-28 08:00:00,71,33,1,38,49,87
2021-11-28 09:00:00,82,34,1,41,47,88
2021-11-28 10:00:00,84,35,1,42,36,78
2021-11-28 11:00:00,83,34,1,38,24,61
2021-11-28 12:00:00,78,29,1,34,14,48
2021-11-28 13:00:00,73,29,1,39,15,54
2021-11-28 14:00:00,75,31,1,43,15,58
2021-11-28 15:00:00,69,29,1,41,10,52
2021-11-28 16:00:00,67,28,1,44,13,57
2021-11-28 17:00:00,59,24,1,53,15,68
2021-11-28 18:00:00,75,29,1,61,26,87
2021-11-28 19:00:00,86,33,1,71,78,149
2021-11-28 20:00:00,97,41,1,59,46,106
2021-11-28 21:00:00,90,42,1,60,74,134
2021-11-28 22:00:00,108,43,1,56,51,107
2021-11-28 23:00:00,85,39,1,51,27,78
2021-11-29 00:00:00,77,34,0,47,25,72
2021-11-29 01:00:00,76,33,0,39,11,49
2021-11-29 02:00:00,94,48,0,32,7,39
2021-11-29 03:00:00,69,35,0,32,6,38
2021-11-29 04:00:00,69,33,0,30,9,39
2021-11-29 05:00:00,64,31,0,36,21,57
2021-11-29 06:00:00,73,31,0,43,43,85
2021-11-29 07:00:00,69,33,1,50,86,136
2021-11-29 08:00:00,74,32,1,49,78,127
2021-11-29 09:00:00,71,29,1,48,74,122
2021-11-29 10:00:00,73,27,1,48,69,117
2021-11-29 11:00:00,78,26,1,44,38,82
2021-11-29 12:00:00,62,28,1,44,23,67
2021-11-29 13:00:00,70,30,1,42,21,63
2021-11-29 14:00:00,72,28,1,45,19,64
2021-11-29 15:00:00,80,28,1,28,11,39
2021-11-29 16:00:00,57,18,1,48,21,69
2021-11-29 17:00:00,58,24,1,59,41,100
2021-11-29 18:00:00,75,24,1,46,27,73
2021-11-29 19:00:00,66,25,1,46,22,68
2021-11-29 20:00:00,75,30,1,41,11,51
2021-11-29 21:00:00,72,30,1,41,20,61
2021-11-29 22:00:00,75,31,1,38,19,57
2021-11-29 23:00:00,66,25,0,34,15,48
2021-11-30 00:00:00,59,27,0,30,7,37
2021-11-30 01:00:00,60,26,0,23,5,28
2021-11-30 02:00:00,45,24,0,33,8,41
2021-11-30 03:00:00,63,24,0,32,10,42
2021-11-30 04:00:00,65,26,0,36,28,63
2021-11-30 05:00:00,74,29,0,46,38,84
2021-11-30 06:00:00,80,32,1,52,94,146
2021-11-30 07:00:00,83,37,1,56,120,176
2021-11-30 08:00:00,78,35,1,46,67,113
2021-11-30 09:00:00,64,26,1,39,50,90
2021-11-30 10:00:00,67,25,1,38,30,67
2021-11-30 11:00:00,57,26,1,40,38,79
2021-11-30 12:00:00,65,28,1,39,34,74
2021-11-30 13:00:00,63,25,1,38,15,53
2021-11-30 14:00:00,69,27,0,32,9,41
2021-11-30 15:00:00,68,29,0,33,11,45
2021-11-30 16:00:00,81,33,1,40,16,56
2021-11-30 17:00:00,66,32,1,62,54,116
2021-11-30 18:00:00,87,37,1,56,45,101
2021-11-30 19:00:00,81,33,1,49,32,82
2021-11-30 20:00:00,95,42,1,38,11,49
2021-11-30 21:00:00,87,41,1,39,15,55
2021-11-30 22:00:00,93,42,1,45,36,81
2021-11-30 23:00:00,97,39,0,39,17,56
