No,date,time,PM2.5,PM10,O3,CO,NO2
1,2021-12-01,00:00 - 01:00,32,79,18,1.28,32
2,2021-12-01,01:00 - 02:00,27,78,19,1.23,29
3,2021-12-01,02:00 - 03:00,25,74,21,1.22,25
4,2021-12-01,03:00 - 04:00,33,72,30,1.15,18
5,2021-12-01,04:00 - 05:00,40,66,19,1.23,26
6,2021-12-01,05:00 - 06:00,48,67,8,1.54,41
7,2021-12-01,06:00 - 07:00,47,68,9,1.73,42
8,2021-12-01,07:00 - 08:00,42,68,8,2.06,43
9,2021-12-01,08:00 - 09:00,37,69,11,2.01,44
10,2021-12-01,09:00 - 10:00,35,77,13,1.75,42
11,2021-12-01,10:00 - 11:00,36,79,16,1.59,43
12,2021-12-01,11:00 - 12:00,35,74,17,1.57,42
13,2021-12-01,12:00 - 13:00,37,70,19,1.56,43
14,2021-12-01,13:00 - 14:00,38,71,22,1.49,40
15,2021-12-01,14:00 - 15:00,40,69,26,1.52,35
16,2021-12-01,15:00 - 16:00,36,67,28,1.47,35
17,2021-12-01,16:00 - 17:00,28,71,22,1.59,42
18,2021-12-01,17:00 - 18:00,27,72,19,1.7,45
19,2021-12-01,18:00 - 19:00,29,66,11,N/A,N/A
20,2021-12-01,19:00 - 20:00,32,70,N/A,2.41,56
21,2021-12-01,20:00 - 21:00,40,84,9,2.09,51
22,2021-12-01,21:00 - 22:00,43,88,11,1.8,45
23,2021-12-01,22:00 - 23:00,44,97,17,1.56,35
24,2021-12-01,23:00 - 24:00,44,94,20,1.43,30
25,2021-12-02,00:00 - 01:00,39,83,21,1.29,28
26,2021-12-02,01:00 - 02:00,33,80,31,1.15,20
27,2021-12-02,02:00 - 03:00,31,79,27,1.18,22
28,2021-12-02,03:00 - 04:00,29,75,21,1.21,26
29,2021-12-02,04:00 - 05:00,35,74,18,1.3,30
30,2021-12-02,05:00 - 06:00,39,77,15,1.42,32
31,2021-12-02,06:00 - 07:00,35,74,7,1.81,41
32,2021-12-02,07:00 - 08:00,36,72,9,2.11,42
33,2021-12-02,08:00 - 09:00,35,74,9,2.2,44
34,2021-12-02,09:00 - 10:00,32,79,11,1.68,39
35,2021-12-02,10:00 - 11:00,37,83,13,1.76,45
36,2021-12-02,11:00 - 12:00,38,91,19,1.59,41
37,2021-12-02,12:00 - 13:00,42,83,19,1.82,46
38,2021-12-02,13:00 - 14:00,37,83,22,1.84,48
39,2021-12-02,14:00 - 15:00,39,84,26,1.76,51
40,2021-12-02,15:00 - 16:00,35,80,25,1.77,59
41,2021-12-02,16:00 - 17:00,30,86,29,1.75,50
42,2021-12-02,17:00 - 18:00,30,88,26,N/A,N/A
43,2021-12-02,18:00 - 19:00,29,82,N/A,1.99,55
44,2021-12-02,19:00 - 20:00,33,79,14,1.85,49
45,2021-12-02,20:00 - 21:00,36,78,15,1.71,46
46,2021-12-02,21:00 - 22:00,36,77,10,1.79,48
47,2021-12-02,22:00 - 23:00,38,73,6,1.98,51
48,2021-12-02,23:00 - 24:00,39,77,7,1.55,45
49,2021-12-03,00:00 - 01:00,32,85,7,1.72,43
50,2021-12-03,01:00 - 02:00,31,90,3,1.71,47
51,2021-12-03,02:00 - 03:00,35,96,3,1.59,48
52,2021-12-03,03:00 - 04:00,39,101,3,1.58,45
53,2021-12-03,04:00 - 05:00,42,98,2,1.71,47
54,2021-12-03,05:00 - 06:00,43,98,1,2.04,49
55,2021-12-03,06:00 - 07:00,45,102,1,2.66,54
56,2021-12-03,07:00 - 08:00,47,105,5,2.42,45
57,2021-12-03,08:00 - 09:00,46,103,7,2.36,50
58,2021-12-03,09:00 - 10:00,42,98,12,1.92,53
59,2021-12-03,10:00 - 11:00,41,90,19,1.64,48
60,2021-12-03,11:00 - 12:00,41,79,25,1.56,46
61,2021-12-03,12:00 - 13:00,36,76,31,1.46,39
62,2021-12-03,13:00 - 14:00,36,72,29,1.65,48
63,2021-12-03,14:00 - 15:00,31,65,30,1.93,60
64,2021-12-03,15:00 - 16:00,32,65,29,1.88,79
65,2021-12-03,16:00 - 17:00,32,70,32,N/A,N/A
66,2021-12-03,17:00 - 18:00,31,70,N/A,N/A,N/A
67,2021-12-03,18:00 - 19:00,30,69,N/A,N/A,N/A
68,2021-12-03,19:00 - 20:00,29,77,N/A,N/A,N/A
69,2021-12-03,20:00 - 21:00,28,75,N/A,N/A,N/A
70,2021-12-03,21:00 - 22:00,29,78,3,2.19,61
71,2021-12-03,22:00 - 23:00,30,95,8,1.72,52
72,2021-12-03,23:00 - 24:00,27,91,5,1.76,54
73,2021-12-04,00:00 - 01:00,32,83,5,1.73,49
74,2021-12-04,01:00 - 02:00,27,85,5,1.63,50
75,2021-12-04,02:00 - 03:00,29,96,8,1.42,48
76,2021-12-04,03:00 - 04:00,35,82,4,1.51,50
77,2021-12-04,04:00 - 05:00,34,87,2,1.6,49
78,2021-12-04,05:00 - 06:00,32,87,4,1.81,50
79,2021-12-04,06:00 - 07:00,32,83,10,1.57,42
80,2021-12-04,07:00 - 08:00,31,90,11,1.7,43
81,2021-12-04,08:00 - 09:00,28,91,15,1.83,46
82,2021-12-04,09:00 - 10:00,38,90,17,1.64,53
83,2021-12-04,10:00 - 11:00,43,78,20,1.69,54
84,2021-12-04,11:00 - 12:00,40,87,32,1.34,44
85,2021-12-04,12:00 - 13:00,43,77,35,1.55,48
86,2021-12-04,13:00 - 14:00,36,74,30,1.65,60
87,2021-12-04,14:00 - 15:00,39,80,39,1.63,54
88,2021-12-04,15:00 - 16:00,33,86,39,N/A,N/A
89,2021-12-04,16:00 - 17:00,27,78,N/A,1.6,68
90,2021-12-04,17:00 - 18:00,27,81,25,1.62,63
91,2021-12-04,18:00 - 19:00,30,87,12,2.23,68
92,2021-12-04,19:00 - 20:00,36,94,5,2.68,75
93,2021-12-04,20:00 - 21:00,41,100,4,2.59,72
94,2021-12-04,21:00 - 22:00,49,101,5,2.01,61
95,2021-12-04,22:00 - 23:00,46,108,8,1.66,50
96,2021-12-04,23:00 - 24:00,44,97,18,1.32,38
97,2021-12-05,00:00 - 01:00,34,79,18,1.36,38
98,2021-12-05,01:00 - 02:00,31,75,14,1.23,40
99,2021-12-05,02:00 - 03:00,32,81,9,1.2,45
100,2021-12-05,03:00 - 04:00,35,85,20,1.11,29
101,2021-12-05,04:00 - 05:00,36,82,17,1.21,33
102,2021-12-05,05:00 - 06:00,37,76,12,1.34,40
103,2021-12-05,06:00 - 07:00,34,84,8,1.52,43
104,2021-12-05,07:00 - 08:00,28,84,9,1.64,40
105,2021-12-05,08:00 - 09:00,37,89,12,1.68,42
106,2021-12-05,09:00 - 10:00,42,92,17,1.66,41
107,2021-12-05,10:00 - 11:00,60,89,28,1.45,36
108,2021-12-05,11:00 - 12:00,48,89,34,1.32,36
109,2021-12-05,12:00 - 13:00,44,80,37,1.34,36
110,2021-12-05,13:00 - 14:00,42,82,35,1.32,46
111,2021-12-05,14:00 - 15:00,32,82,35,N/A,N/A
112,2021-12-05,15:00 - 16:00,36,74,N/A,N/A,N/A
113,2021-12-05,16:00 - 17:00,33,78,N/A,N/A,N/A
114,2021-12-05,17:00 - 18:00,37,74,N/A,N/A,N/A
115,2021-12-05,18:00 - 19:00,38,82,N/A,N/A,N/A
116,2021-12-05,19:00 - 20:00,39,80,9,1.84,56
117,2021-12-05,20:00 - 21:00,39,80,6,1.81,61
118,2021-12-05,21:00 - 22:00,50,84,6,1.69,57
119,2021-12-05,22:00 - 23:00,44,80,7,1.61,52
120,2021-12-05,23:00 - 24:00,47,83,12,1.38,43
121,2021-12-06,00:00 - 01:00,39,82,15,1.47,38
122,2021-12-06,01:00 - 02:00,35,79,17,1.5,35
123,2021-12-06,02:00 - 03:00,40,83,7,1.64,41
124,2021-12-06,03:00 - 04:00,38,82,14,1.53,32
125,2021-12-06,04:00 - 05:00,36,79,6,1.72,45
126,2021-12-06,05:00 - 06:00,39,75,2,2.04,53
127,2021-12-06,06:00 - 07:00,39,83,2,2.46,55
128,2021-12-06,07:00 - 08:00,38,101,2,2.62,59
129,2021-12-06,08:00 - 09:00,43,112,6,2.18,54
130,2021-12-06,09:00 - 10:00,49,115,15,1.84,45
131,2021-12-06,10:00 - 11:00,50,104,21,1.69,46
132,2021-12-06,11:00 - 12:00,47,92,31,1.61,41
133,2021-12-06,12:00 - 13:00,44,90,36,1.68,48
134,2021-12-06,13:00 - 14:00,40,86,36,N/A,N/A
135,2021-12-06,14:00 - 15:00,38,81,N/A,1.49,44
136,2021-12-06,15:00 - 16:00,32,74,33,1.63,55
137,2021-12-06,16:00 - 17:00,29,74,35,1.57,49
138,2021-12-06,17:00 - 18:00,33,73,20,2.06,60
139,2021-12-06,18:00 - 19:00,34,71,11,2.39,64
140,2021-12-06,19:00 - 20:00,34,75,7,2.55,61
141,2021-12-06,20:00 - 21:00,34,80,4,2.51,64
142,2021-12-06,21:00 - 22:00,32,86,3,2.22,64
143,2021-12-06,22:00 - 23:00,33,92,6,2.15,56
144,2021-12-06,23:00 - 24:00,37,95,9,1.76,45
145,2021-12-07,00:00 - 01:00,40,99,5,1.94,49
146,2021-12-07,01:00 - 02:00,55,110,3,1.82,49
147,2021-12-07,02:00 - 03:00,65,115,4,1.83,46
148,2021-12-07,03:00 - 04:00,57,109,7,1.6,46
149,2021-12-07,04:00 - 05:00,54,109,3,1.89,56
150,2021-12-07,05:00 - 06:00,47,110,3,2.25,64
151,2021-12-07,06:00 - 07:00,44,106,4,2.77,62
152,2021-12-07,07:00 - 08:00,52,104,6,2.69,55
153,2021-12-07,08:00 - 09:00,55,108,12,2.11,51
154,2021-12-07,09:00 - 10:00,56,104,13,2.11,57
155,2021-12-07,10:00 - 11:00,56,92,17,1.93,61
156,2021-12-07,11:00 - 12:00,51,95,22,1.94,60
157,2021-12-07,12:00 - 13:00,48,99,24,N/A,N/A
158,2021-12-07,13:00 - 14:00,51,102,N/A,2.17,82
159,2021-12-07,14:00 - 15:00,50,107,22,2.09,85
160,2021-12-07,15:00 - 16:00,45,106,31,1.97,76
161,2021-12-07,16:00 - 17:00,43,102,24,2.12,86
162,2021-12-07,17:00 - 18:00,43,98,26,2.31,77
163,2021-12-07,18:00 - 19:00,45,96,7,3.06,97
164,2021-12-07,19:00 - 20:00,49,104,8,2.65,84
165,2021-12-07,20:00 - 21:00,52,109,3,2.83,81
166,2021-12-07,21:00 - 22:00,52,114,1,2.85,77
167,2021-12-07,22:00 - 23:00,52,124,3,2.75,74
168,2021-12-07,23:00 - 24:00,51,127,5,1.99,62
169,2021-12-08,00:00 - 01:00,48,116,8,1.74,51
170,2021-12-08,01:00 - 02:00,50,103,12,1.42,45
171,2021-12-08,02:00 - 03:00,53,96,7,1.51,54
172,2021-12-08,03:00 - 04:00,47,97,3,1.79,62
173,2021-12-08,04:00 - 05:00,45,103,5,1.75,67
174,2021-12-08,05:00 - 06:00,44,108,2,1.92,67
175,2021-12-08,06:00 - 07:00,45,113,4,2.72,63
176,2021-12-08,07:00 - 08:00,51,115,7,2.43,64
177,2021-12-08,08:00 - 09:00,54,112,7,2.46,64
178,2021-12-08,09:00 - 10:00,54,112,9,2.2,67
179,2021-12-08,10:00 - 11:00,53,113,16,1.88,64
180,2021-12-08,11:00 - 12:00,50,110,21,N/A,N/A
181,2021-12-08,12:00 - 13:00,46,106,N/A,1.5,72
182,2021-12-08,13:00 - 14:00,43,106,37,0.89,65
183,2021-12-08,14:00 - 15:00,38,102,30,0.74,66
184,2021-12-08,15:00 - 16:00,32,92,40,0.59,52
185,2021-12-08,16:00 - 17:00,36,81,29,1.04,64
186,2021-12-08,17:00 - 18:00,38,79,23,1.31,71
187,2021-12-08,18:00 - 19:00,34,79,17,1.17,75
188,2021-12-08,19:00 - 20:00,34,78,4,2.07,79
189,2021-12-08,20:00 - 21:00,37,83,2,1.86,80
190,2021-12-08,21:00 - 22:00,40,95,3,1.3,69
191,2021-12-08,22:00 - 23:00,41,103,5,0.91,60
192,2021-12-08,23:00 - 24:00,46,105,11,0.7,51
193,2021-12-09,00:00 - 01:00,49,109,7,0.93,53
194,2021-12-09,01:00 - 02:00,51,111,7,0.84,55
195,2021-12-09,02:00 - 03:00,50,112,11,0.67,49
196,2021-12-09,03:00 - 04:00,48,117,8,0.67,50
197,2021-12-09,04:00 - 05:00,48,124,5,0.8,56
198,2021-12-09,05:00 - 06:00,45,130,4,1.06,56
199,2021-12-09,06:00 - 07:00,42,136,3,1.56,60
200,2021-12-09,07:00 - 08:00,43,129,5,2.03,63
201,2021-12-09,08:00 - 09:00,47,123,9,1.78,53
202,2021-12-09,09:00 - 10:00,51,116,11,1.55,59
203,2021-12-09,10:00 - 11:00,48,108,21,N/A,N/A
204,2021-12-09,11:00 - 12:00,39,92,N/A,0.92,42
205,2021-12-09,12:00 - 13:00,34,80,28,1.01,51
206,2021-12-09,13:00 - 14:00,34,84,24,1.04,54
207,2021-12-09,14:00 - 15:00,32,80,32,0.85,44
208,2021-12-09,15:00 - 16:00,24,67,28,1.11,56
209,2021-12-09,16:00 - 17:00,25,64,25,1.33,61
210,2021-12-09,17:00 - 18:00,28,69,18,1.43,67
211,2021-12-09,18:00 - 19:00,29,70,12,1.4,62
212,2021-12-09,19:00 - 20:00,29,69,7,1.87,77
213,2021-12-09,20:00 - 21:00,28,75,5,1.88,75
214,2021-12-09,21:00 - 22:00,30,78,6,1.42,58
215,2021-12-09,22:00 - 23:00,34,81,5,1.48,57
216,2021-12-09,23:00 - 24:00,37,86,4,1.37,51
217,2021-12-10,00:00 - 01:00,43,89,3,1.13,50
218,2021-12-10,01:00 - 02:00,50,102,2,1.11,46
219,2021-12-10,02:00 - 03:00,49,111,2,1.03,44
220,2021-12-10,03:00 - 04:00,43,113,4,0.94,42
221,2021-12-10,04:00 - 05:00,38,114,2,0.9,42
222,2021-12-10,05:00 - 06:00,32,113,2,1.19,46
223,2021-12-10,06:00 - 07:00,30,111,2,1.23,42
224,2021-12-10,07:00 - 08:00,44,108,3,1.59,41
225,2021-12-10,08:00 - 09:00,52,108,5,1.46,44
226,2021-12-10,09:00 - 10:00,46,104,9,N/A,N/A
227,2021-12-10,10:00 - 11:00,43,94,N/A,1.13,47
228,2021-12-10,11:00 - 12:00,39,87,19,1.12,47
229,2021-12-10,12:00 - 13:00,35,83,22,1.08,54
230,2021-12-10,13:00 - 14:00,31,86,20,1.24,63
231,2021-12-10,14:00 - 15:00,29,82,27,1.21,60
232,2021-12-10,15:00 - 16:00,30,75,10,1.71,90
233,2021-12-10,16:00 - 17:00,32,80,20,1.47,78
234,2021-12-10,17:00 - 18:00,34,87,13,1.74,77
235,2021-12-10,18:00 - 19:00,35,90,11,1.95,70
236,2021-12-10,19:00 - 20:00,35,85,7,1.63,68
237,2021-12-10,20:00 - 21:00,32,83,3,2.32,71
238,2021-12-10,21:00 - 22:00,32,91,2,2.44,64
239,2021-12-10,22:00 - 23:00,35,97,2,2.22,62
240,2021-12-10,23:00 - 24:00,38,102,7,2.08,58
241,2021-12-11,00:00 - 01:00,43,115,2,1.76,52
242,2021-12-11,01:00 - 02:00,51,126,3,1.76,52
243,2021-12-11,02:00 - 03:00,52,124,2,1.3,49
244,2021-12-11,03:00 - 04:00,48,121,9,1.22,44
245,2021-12-11,04:00 - 05:00,42,110,3,1.1,42
246,2021-12-11,05:00 - 06:00,37,98,3,1.19,40
247,2021-12-11,06:00 - 07:00,37,96,5,1.67,47
248,2021-12-11,07:00 - 08:00,46,100,3,1.97,52
249,2021-12-11,08:00 - 09:00,55,105,6,N/A,N/A
250,2021-12-11,09:00 - 10:00,50,103,N/A,1.42,55
251,2021-12-11,10:00 - 11:00,48,97,11,1.38,60
252,2021-12-11,11:00 - 12:00,42,89,15,1.2,60
253,2021-12-11,12:00 - 13:00,36,84,26,1.06,63
254,2021-12-11,13:00 - 14:00,40,82,38,1.01,55
255,2021-12-11,14:00 - 15:00,41,78,36,1.03,66
256,2021-12-11,15:00 - 16:00,37,76,4,0.97,59
257,2021-12-11,16:00 - 17:00,35,76,N/A,1.16,62
258,2021-12-11,17:00 - 18:00,32,78,N/A,1.18,66
259,2021-12-11,18:00 - 19:00,31,78,N/A,1.92,81
260,2021-12-11,19:00 - 20:00,32,82,N/A,2.04,66
261,2021-12-11,20:00 - 21:00,32,88,N/A,1.43,56
262,2021-12-11,21:00 - 22:00,29,85,N/A,0.87,39
263,2021-12-11,22:00 - 23:00,27,77,N/A,0.84,36
264,2021-12-11,23:00 - 24:00,28,73,N/A,0.87,35
265,2021-12-12,00:00 - 01:00,27,71,N/A,0.89,33
266,2021-12-12,01:00 - 02:00,24,74,N/A,0.86,31
267,2021-12-12,02:00 - 03:00,25,77,N/A,0.79,30
268,2021-12-12,03:00 - 04:00,21,70,N/A,0.9,36
269,2021-12-12,04:00 - 05:00,19,68,N/A,0.99,43
270,2021-12-12,05:00 - 06:00,20,75,N/A,1.33,48
271,2021-12-12,06:00 - 07:00,28,85,N/A,1.16,47
272,2021-12-12,07:00 - 08:00,36,97,N/A,N/A,N/A
273,2021-12-12,08:00 - 09:00,39,102,N/A,1.21,41
274,2021-12-12,09:00 - 10:00,39,99,N/A,1.35,52
275,2021-12-12,10:00 - 11:00,39,95,N/A,1.06,49
276,2021-12-12,11:00 - 12:00,39,90,N/A,0.95,51
277,2021-12-12,12:00 - 13:00,35,83,N/A,0.92,46
278,2021-12-12,13:00 - 14:00,35,79,N/A,0.8,44
279,2021-12-12,14:00 - 15:00,37,73,N/A,0.91,46
280,2021-12-12,15:00 - 16:00,35,66,N/A,0.85,37
281,2021-12-12,16:00 - 17:00,30,62,N/A,0.86,41
282,2021-12-12,17:00 - 18:00,27,59,N/A,1.12,40
283,2021-12-12,18:00 - 19:00,21,58,N/A,1.2,42
284,2021-12-12,19:00 - 20:00,24,61,N/A,1.61,49
285,2021-12-12,20:00 - 21:00,27,58,N/A,1.53,54
286,2021-12-12,21:00 - 22:00,26,59,N/A,1.5,53
287,2021-12-12,22:00 - 23:00,32,69,N/A,1.5,48
288,2021-12-12,23:00 - 24:00,36,74,N/A,1.35,49
289,2021-12-13,00:00 - 01:00,32,74,N/A,0.86,33
290,2021-12-13,01:00 - 02:00,26,76,N/A,0.69,26
291,2021-12-13,02:00 - 03:00,23,76,N/A,0.55,21
292,2021-12-13,03:00 - 04:00,20,67,N/A,0.5,22
293,2021-12-13,04:00 - 05:00,19,65,N/A,0.73,32
294,2021-12-13,05:00 - 06:00,19,66,N/A,1,38
295,2021-12-13,06:00 - 07:00,25,66,N/A,N/A,N/A
296,2021-12-13,07:00 - 08:00,33,64,N/A,1.37,36
297,2021-12-13,08:00 - 09:00,28,64,N/A,1.01,37
298,2021-12-13,09:00 - 10:00,25,64,N/A,0.79,30
299,2021-12-13,10:00 - 11:00,25,62,N/A,0.67,26
300,2021-12-13,11:00 - 12:00,23,62,N/A,0.68,33
301,2021-12-13,12:00 - 13:00,23,59,N/A,0.66,33
302,2021-12-13,13:00 - 14:00,24,59,N/A,0.74,38
303,2021-12-13,14:00 - 15:00,31,62,N/A,0.81,33
304,2021-12-13,15:00 - 16:00,34,64,N/A,0.99,40
305,2021-12-13,16:00 - 17:00,29,58,N/A,1.18,51
306,2021-12-13,17:00 - 18:00,28,60,N/A,1.3,59
307,2021-12-13,18:00 - 19:00,22,62,N/A,1.38,52
308,2021-12-13,19:00 - 20:00,18,65,N/A,1.37,49
309,2021-12-13,20:00 - 21:00,22,71,N/A,1.17,46
310,2021-12-13,21:00 - 22:00,30,69,N/A,0.98,41
311,2021-12-13,22:00 - 23:00,32,68,N/A,1.15,49
312,2021-12-13,23:00 - 24:00,31,68,N/A,1.03,43
313,2021-12-14,00:00 - 01:00,34,72,N/A,0.95,37
314,2021-12-14,01:00 - 02:00,38,81,N/A,0.8,32
315,2021-12-14,02:00 - 03:00,36,92,N/A,0.86,41
316,2021-12-14,03:00 - 04:00,37,105,N/A,0.83,42
317,2021-12-14,04:00 - 05:00,45,114,N/A,1.13,49
318,2021-12-14,05:00 - 06:00,47,128,N/A,N/A,N/A
319,2021-12-14,06:00 - 07:00,52,139,N/A,1.88,54
320,2021-12-14,07:00 - 08:00,59,143,N/A,2.72,61
321,2021-12-14,08:00 - 09:00,59,145,N/A,2.14,60
322,2021-12-14,09:00 - 10:00,58,135,N/A,1.94,64
323,2021-12-14,10:00 - 11:00,55,131,17,1.63,69
324,2021-12-14,11:00 - 12:00,54,130,15,1.38,73
325,2021-12-14,12:00 - 13:00,51,122,18,1.32,75
326,2021-12-14,13:00 - 14:00,48,118,30,1.38,70
327,2021-12-14,14:00 - 15:00,51,116,31,1.42,61
328,2021-12-14,15:00 - 16:00,50,106,26,1.45,59
329,2021-12-14,16:00 - 17:00,45,96,35,1.25,57
330,2021-12-14,17:00 - 18:00,40,90,23,1.54,56
331,2021-12-14,18:00 - 19:00,35,83,13,1.66,56
332,2021-12-14,19:00 - 20:00,29,80,14,1.78,53
333,2021-12-14,20:00 - 21:00,29,79,4,2.13,51
334,2021-12-14,21:00 - 22:00,32,82,3,2.06,45
335,2021-12-14,22:00 - 23:00,41,89,2,1.93,41
336,2021-12-14,23:00 - 24:00,47,98,2,1.73,37
337,2021-12-15,00:00 - 01:00,50,110,2,1.8,37
338,2021-12-15,01:00 - 02:00,50,126,2,1.52,34
339,2021-12-15,02:00 - 03:00,50,147,2,1.38,31
340,2021-12-15,03:00 - 04:00,52,161,2,1.42,29
341,2021-12-15,04:00 - 05:00,55,168,2,N/A,N/A
342,2021-12-15,05:00 - 06:00,59,171,N/A,1.93,29
343,2021-12-15,06:00 - 07:00,64,165,2,2.45,30
344,2021-12-15,07:00 - 08:00,67,156,3,2.69,31
345,2021-12-15,08:00 - 09:00,65,150,4,2.12,34
346,2021-12-15,09:00 - 10:00,61,144,6,2,37
347,2021-12-15,10:00 - 11:00,56,135,9,1.72,41
348,2021-12-15,11:00 - 12:00,58,127,18,1.45,46
349,2021-12-15,12:00 - 13:00,61,117,16,1.52,50
350,2021-12-15,13:00 - 14:00,57,109,30,1.27,52
351,2021-12-15,14:00 - 15:00,55,105,36,1.16,55
352,2021-12-15,15:00 - 16:00,51,97,36,1.15,58
353,2021-12-15,16:00 - 17:00,45,90,27,1.43,62
354,2021-12-15,17:00 - 18:00,39,87,13,1.94,62
355,2021-12-15,18:00 - 19:00,38,85,6,2.2,60
356,2021-12-15,19:00 - 20:00,42,85,5,2.24,58
357,2021-12-15,20:00 - 21:00,49,91,4,2.39,55
358,2021-12-15,21:00 - 22:00,52,101,3,2.05,49
359,2021-12-15,22:00 - 23:00,53,107,7,1.48,44
360,2021-12-15,23:00 - 24:00,51,113,11,1.25,41
361,2021-12-16,00:00 - 01:00,36,85,12,1.1,37
362,2021-12-16,01:00 - 02:00,34,82,14,0.9,32
363,2021-12-16,02:00 - 03:00,51,89,11,0.95,30
364,2021-12-16,03:00 - 04:00,51,83,9,N/A,N/A
365,2021-12-16,04:00 - 05:00,38,92,N/A,1.28,30
366,2021-12-16,05:00 - 06:00,69,108,5,1.55,29
367,2021-12-16,06:00 - 07:00,78,121,4,2.05,29
368,2021-12-16,07:00 - 08:00,88,116,4,2.45,31
369,2021-12-16,08:00 - 09:00,85,116,7,2,35
370,2021-12-16,09:00 - 10:00,74,123,11,1.62,37
371,2021-12-16,10:00 - 11:00,67,119,10,1.66,43
372,2021-12-16,11:00 - 12:00,65,118,21,1.51,48
373,2021-12-16,12:00 - 13:00,64,111,31,1.26,49
374,2021-12-16,13:00 - 14:00,53,107,26,1.48,48
375,2021-12-16,14:00 - 15:00,43,101,39,1.18,52
376,2021-12-16,15:00 - 16:00,38,84,26,1.44,56
377,2021-12-16,16:00 - 17:00,31,92,29,1.58,63
378,2021-12-16,17:00 - 18:00,36,93,23,1.9,69
379,2021-12-16,18:00 - 19:00,36,96,11,2.03,66
380,2021-12-16,19:00 - 20:00,37,98,3,2.52,62
381,2021-12-16,20:00 - 21:00,43,108,3,2.41,55
382,2021-12-16,21:00 - 22:00,49,116,4,2.02,49
383,2021-12-16,22:00 - 23:00,56,115,10,1.38,43
384,2021-12-16,23:00 - 24:00,55,111,8,1.34,41
385,2021-12-17,00:00 - 01:00,49,112,10,1.03,36
386,2021-12-17,01:00 - 02:00,42,107,11,0.88,32
387,2021-12-17,02:00 - 03:00,42,113,9,N/A,N/A
388,2021-12-17,03:00 - 04:00,43,106,N/A,0.86,28
389,2021-12-17,04:00 - 05:00,50,111,5,1.06,26
390,2021-12-17,05:00 - 06:00,53,124,3,1.42,25
391,2021-12-17,06:00 - 07:00,69,134,2,1.91,26
392,2021-12-17,07:00 - 08:00,64,152,2,2.42,29
393,2021-12-17,08:00 - 09:00,65,173,4,2.31,30
394,2021-12-17,09:00 - 10:00,62,153,8,1.76,34
395,2021-12-17,10:00 - 11:00,54,143,15,1.41,39
396,2021-12-17,11:00 - 12:00,54,126,29,1.06,42
397,2021-12-17,12:00 - 13:00,56,116,31,1.03,42
398,2021-12-17,13:00 - 14:00,56,102,26,1.13,41
399,2021-12-17,14:00 - 15:00,51,91,23,1.08,40
400,2021-12-17,15:00 - 16:00,46,81,19,1.23,40
401,2021-12-17,16:00 - 17:00,34,75,11,1.61,39
402,2021-12-17,17:00 - 18:00,31,75,9,1.86,40
403,2021-12-17,18:00 - 19:00,33,75,5,2.31,41
404,2021-12-17,19:00 - 20:00,37,81,3,2.65,39
405,2021-12-17,20:00 - 21:00,45,91,8,1.59,35
406,2021-12-17,21:00 - 22:00,38,89,6,1.51,29
407,2021-12-17,22:00 - 23:00,37,83,5,1.4,27
408,2021-12-17,23:00 - 24:00,42,86,7,1.16,27
409,2021-12-18,00:00 - 01:00,31,86,10,0.91,24
410,2021-12-18,01:00 - 02:00,26,83,11,N/A,N/A
411,2021-12-18,02:00 - 03:00,30,83,N/A,0.84,21
412,2021-12-18,03:00 - 04:00,33,83,6,0.95,20
413,2021-12-18,04:00 - 05:00,36,89,12,0.8,18
414,2021-12-18,05:00 - 06:00,30,89,11,0.93,17
415,2021-12-18,06:00 - 07:00,28,87,10,0.95,19
416,2021-12-18,07:00 - 08:00,23,74,11,1.01,21
417,2021-12-18,08:00 - 09:00,22,70,11,1.08,22
418,2021-12-18,09:00 - 10:00,21,75,12,1.04,25
419,2021-12-18,10:00 - 11:00,22,73,20,0.91,27
420,2021-12-18,11:00 - 12:00,22,71,22,0.91,28
421,2021-12-18,12:00 - 13:00,34,71,24,0.98,30
422,2021-12-18,13:00 - 14:00,36,74,24,0.95,31
423,2021-12-18,14:00 - 15:00,33,71,30,1.04,34
424,2021-12-18,15:00 - 16:00,31,69,32,1.04,37
425,2021-12-18,16:00 - 17:00,28,68,18,1.26,42
426,2021-12-18,17:00 - 18:00,29,70,14,1.42,45
427,2021-12-18,18:00 - 19:00,30,70,8,1.72,44
428,2021-12-18,19:00 - 20:00,33,75,8,1.6,38
429,2021-12-18,20:00 - 21:00,36,79,18,1.22,34
430,2021-12-18,21:00 - 22:00,31,74,24,1.05,31
431,2021-12-18,22:00 - 23:00,29,73,22,1.02,31
432,2021-12-18,23:00 - 24:00,28,63,26,0.88,30
433,2021-12-19,00:00 - 01:00,31,68,28,N/A,N/A
434,2021-12-19,01:00 - 02:00,30,75,N/A,0.88,22
435,2021-12-19,02:00 - 03:00,30,76,24,0.88,21
436,2021-12-19,03:00 - 04:00,32,66,24,0.86,19
437,2021-12-19,04:00 - 05:00,27,56,21,0.88,18
438,2021-12-19,05:00 - 06:00,23,54,19,1,19
439,2021-12-19,06:00 - 07:00,27,53,14,1.1,22
440,2021-12-19,07:00 - 08:00,21,52,11,1.24,23
441,2021-12-19,08:00 - 09:00,22,58,13,1.11,24
442,2021-12-19,09:00 - 10:00,24,54,16,1.1,26
443,2021-12-19,10:00 - 11:00,26,59,18,1.14,27
444,2021-12-19,11:00 - 12:00,30,63,24,1.08,29
445,2021-12-19,12:00 - 13:00,30,60,28,1.15,32
446,2021-12-19,13:00 - 14:00,34,58,20,1.52,38
447,2021-12-19,14:00 - 15:00,36,61,22,1.37,47
448,2021-12-19,15:00 - 16:00,31,71,19,1.48,51
449,2021-12-19,16:00 - 17:00,30,67,22,1.34,54
450,2021-12-19,17:00 - 18:00,29,64,21,1.33,56
451,2021-12-19,18:00 - 19:00,25,68,12,1.72,48
452,2021-12-19,19:00 - 20:00,27,68,7,2.04,42
453,2021-12-19,20:00 - 21:00,33,69,6,1.77,39
454,2021-12-19,21:00 - 22:00,37,74,5,1.77,37
455,2021-12-19,22:00 - 23:00,35,79,4,1.77,39
456,2021-12-19,23:00 - 24:00,32,83,5,N/A,N/A
457,2021-12-20,00:00 - 01:00,35,87,N/A,1.16,34
458,2021-12-20,01:00 - 02:00,40,86,6,1.08,33
459,2021-12-20,02:00 - 03:00,48,84,5,1.06,29
460,2021-12-20,03:00 - 04:00,49,83,7,1.08,27
461,2021-12-20,04:00 - 05:00,49,90,6,1.24,26
462,2021-12-20,05:00 - 06:00,46,88,6,1.3,29
463,2021-12-20,06:00 - 07:00,47,89,4,1.68,32
464,2021-12-20,07:00 - 08:00,45,89,7,1.9,34
465,2021-12-20,08:00 - 09:00,39,92,9,1.71,36
466,2021-12-20,09:00 - 10:00,42,89,9,1.81,37
467,2021-12-20,10:00 - 11:00,42,89,16,1.62,36
468,2021-12-20,11:00 - 12:00,47,90,21,1.38,56
469,2021-12-20,12:00 - 13:00,46,85,28,1.24,76
470,2021-12-20,13:00 - 14:00,42,77,29,1.35,74
471,2021-12-20,14:00 - 15:00,43,79,38,1.26,68
472,2021-12-20,15:00 - 16:00,39,84,37,1.16,66
473,2021-12-20,16:00 - 17:00,35,87,26,1.48,67
474,2021-12-20,17:00 - 18:00,39,88,15,1.83,64
475,2021-12-20,18:00 - 19:00,45,92,10,1.97,58
476,2021-12-20,19:00 - 20:00,53,91,10,2,53
477,2021-12-20,20:00 - 21:00,54,95,7,1.89,52
478,2021-12-20,21:00 - 22:00,53,102,4,1.91,57
479,2021-12-20,22:00 - 23:00,52,108,5,N/A,N/A
480,2021-12-20,23:00 - 24:00,52,108,N/A,1.21,51
481,2021-12-21,00:00 - 01:00,51,105,12,1.17,47
482,2021-12-21,01:00 - 02:00,57,107,16,0.94,39
483,2021-12-21,02:00 - 03:00,60,96,14,0.91,33
484,2021-12-21,03:00 - 04:00,61,93,7,1.05,30
485,2021-12-21,04:00 - 05:00,56,94,3,1.26,29
486,2021-12-21,05:00 - 06:00,54,90,2,1.48,36
487,2021-12-21,06:00 - 07:00,49,95,1,1.88,36
488,2021-12-21,07:00 - 08:00,53,106,2,2.4,39
489,2021-12-21,08:00 - 09:00,63,124,4,2.22,42
490,2021-12-21,09:00 - 10:00,64,128,7,1.93,40
491,2021-12-21,10:00 - 11:00,66,123,9,1.76,41
492,2021-12-21,11:00 - 12:00,62,122,16,1.61,46
493,2021-12-21,12:00 - 13:00,64,116,25,1.49,51
494,2021-12-21,13:00 - 14:00,69,115,24,1.71,61
495,2021-12-21,14:00 - 15:00,63,114,44,1.55,70
496,2021-12-21,15:00 - 16:00,56,112,27,1.66,71
497,2021-12-21,16:00 - 17:00,56,110,24,1.88,78
498,2021-12-21,17:00 - 18:00,60,115,50,2.29,74
499,2021-12-21,18:00 - 19:00,77,122,47,1.78,68
500,2021-12-21,19:00 - 20:00,81,114,41,1.6,53
501,2021-12-21,20:00 - 21:00,79,108,10,2.13,49
502,2021-12-21,21:00 - 22:00,73,118,2,N/A,N/A
503,2021-12-21,22:00 - 23:00,70,123,N/A,2.04,55
504,2021-12-21,23:00 - 24:00,69,123,3,1.83,54
505,2021-12-22,00:00 - 01:00,64,124,5,1.59,51
506,2021-12-22,01:00 - 02:00,67,119,4,1.5,44
507,2021-12-22,02:00 - 03:00,68,112,5,1.38,41
508,2021-12-22,03:00 - 04:00,75,106,5,1.28,37
509,2021-12-22,04:00 - 05:00,73,106,3,1.55,38
510,2021-12-22,05:00 - 06:00,65,106,1,1.89,43
511,2021-12-22,06:00 - 07:00,69,116,1,2.73,43
512,2021-12-22,07:00 - 08:00,77,131,2,3.32,43
513,2021-12-22,08:00 - 09:00,93,148,2,2.97,39
514,2021-12-22,09:00 - 10:00,92,152,6,1.92,38
515,2021-12-22,10:00 - 11:00,88,145,13,1.83,41
516,2021-12-22,11:00 - 12:00,81,138,23,1.46,46
517,2021-12-22,12:00 - 13:00,75,135,30,1.47,57
518,2021-12-22,13:00 - 14:00,70,124,30,1.67,66
519,2021-12-22,14:00 - 15:00,70,115,23,1.91,74
520,2021-12-22,15:00 - 16:00,66,114,25,1.84,81
521,2021-12-22,16:00 - 17:00,67,119,22,1.96,85
522,2021-12-22,17:00 - 18:00,69,121,39,2.13,79
523,2021-12-22,18:00 - 19:00,72,121,46,2.64,74
524,2021-12-22,19:00 - 20:00,81,125,37,2.06,66
525,2021-12-22,20:00 - 21:00,80,129,12,N/A,N/A
526,2021-12-22,21:00 - 22:00,80,131,N/A,2.89,62
527,2021-12-22,22:00 - 23:00,79,140,2,2.52,61
528,2021-12-22,23:00 - 24:00,78,135,2,2.22,56
529,2021-12-23,00:00 - 01:00,81,131,3,1.96,52
530,2021-12-23,01:00 - 02:00,79,127,2,1.9,47
531,2021-12-23,02:00 - 03:00,77,130,4,1.56,43
532,2021-12-23,03:00 - 04:00,80,132,2,1.56,39
533,2021-12-23,04:00 - 05:00,78,126,2,1.72,44
534,2021-12-23,05:00 - 06:00,76,124,2,2.31,42
535,2021-12-23,06:00 - 07:00,74,124,2,3.07,39
536,2021-12-23,07:00 - 08:00,79,135,2,3.72,42
537,2021-12-23,08:00 - 09:00,90,159,2,3.38,40
538,2021-12-23,09:00 - 10:00,101,174,4,2.55,42
539,2021-12-23,10:00 - 11:00,98,163,12,1.79,44
540,2021-12-23,11:00 - 12:00,78,146,18,1.5,44
541,2021-12-23,12:00 - 13:00,67,124,27,1.36,54
542,2021-12-23,13:00 - 14:00,60,116,26,1.27,56
543,2021-12-23,14:00 - 15:00,53,104,21,1.4,57
544,2021-12-23,15:00 - 16:00,43,93,19,1.54,60
545,2021-12-23,16:00 - 17:00,43,87,17,1.63,56
546,2021-12-23,17:00 - 18:00,47,86,14,1.91,52
547,2021-12-23,18:00 - 19:00,45,88,6,2.81,50
548,2021-12-23,19:00 - 20:00,48,91,2,N/A,N/A
549,2021-12-23,20:00 - 21:00,54,101,N/A,3.44,56
550,2021-12-23,21:00 - 22:00,58,115,13,2.15,63
551,2021-12-23,22:00 - 23:00,66,126,19,1.75,56
552,2021-12-23,23:00 - 24:00,68,124,25,1.31,49
553,2021-12-24,00:00 - 01:00,64,103,43,1.03,43
554,2021-12-24,01:00 - 02:00,64,98,45,0.99,36
555,2021-12-24,02:00 - 03:00,63,98,45,1.1,26
556,2021-12-24,03:00 - 04:00,74,107,46,1.22,23
557,2021-12-24,04:00 - 05:00,76,123,39,1.35,20
558,2021-12-24,05:00 - 06:00,73,146,22,1.71,24
559,2021-12-24,06:00 - 07:00,80,146,5,2.33,30
560,2021-12-24,07:00 - 08:00,88,150,5,2.59,29
561,2021-12-24,08:00 - 09:00,89,148,7,2.61,27
562,2021-12-24,09:00 - 10:00,89,145,10,2.22,31
563,2021-12-24,10:00 - 11:00,88,142,17,1.78,35
564,2021-12-24,11:00 - 12:00,79,135,23,1.52,56
565,2021-12-24,12:00 - 13:00,65,109,23,1.22,65
566,2021-12-24,13:00 - 14:00,47,95,21,1.36,52
567,2021-12-24,14:00 - 15:00,44,82,21,1.45,45
568,2021-12-24,15:00 - 16:00,46,70,17,1.27,43
569,2021-12-24,16:00 - 17:00,42,65,13,1.54,40
570,2021-12-24,17:00 - 18:00,39,68,7,2.23,39
571,2021-12-24,18:00 - 19:00,41,68,16,N/A,N/A
572,2021-12-24,19:00 - 20:00,36,76,N/A,2.16,43
573,2021-12-24,20:00 - 21:00,47,88,30,1.76,41
574,2021-12-24,21:00 - 22:00,61,102,38,1.39,34
575,2021-12-24,22:00 - 23:00,71,105,29,1.33,26
576,2021-12-24,23:00 - 24:00,63,88,20,1.21,21
577,2021-12-25,00:00 - 01:00,61,79,20,0.83,18
578,2021-12-25,01:00 - 02:00,57,80,23,1.02,14
579,2021-12-25,02:00 - 03:00,59,78,12,1.36,14
580,2021-12-25,03:00 - 04:00,55,84,8,1.05,18
581,2021-12-25,04:00 - 05:00,53,84,7,1.01,16
582,2021-12-25,05:00 - 06:00,46,80,5,1.31,15
583,2021-12-25,06:00 - 07:00,42,68,4,1.29,14
584,2021-12-25,07:00 - 08:00,39,56,4,1.67,15
585,2021-12-25,08:00 - 09:00,45,53,6,1.67,15
586,2021-12-25,09:00 - 10:00,48,57,9,1,17
587,2021-12-25,10:00 - 11:00,37,50,9,1.08,18
588,2021-12-25,11:00 - 12:00,35,50,14,0.96,21
589,2021-12-25,12:00 - 13:00,23,30,15,0.98,24
590,2021-12-25,13:00 - 14:00,17,40,16,0.81,27
591,2021-12-25,14:00 - 15:00,30,44,17,0.9,27
592,2021-12-25,15:00 - 16:00,31,49,13,1.16,29
593,2021-12-25,16:00 - 17:00,22,49,8,1.47,30
594,2021-12-25,17:00 - 18:00,30,55,7,N/A,N/A
595,2021-12-25,18:00 - 19:00,34,57,N/A,1.88,31
596,2021-12-25,19:00 - 20:00,32,69,20,1.37,30
597,2021-12-25,20:00 - 21:00,40,74,17,1.28,27
598,2021-12-25,21:00 - 22:00,41,68,21,1.1,24
599,2021-12-25,22:00 - 23:00,39,73,22,0.94,21
600,2021-12-25,23:00 - 24:00,37,63,17,0.89,18
601,2021-12-26,00:00 - 01:00,38,63,16,0.77,15
602,2021-12-26,01:00 - 02:00,38,57,15,0.76,12
603,2021-12-26,02:00 - 03:00,31,44,16,0.72,11
604,2021-12-26,03:00 - 04:00,29,42,10,0.96,10
605,2021-12-26,04:00 - 05:00,21,41,7,1,12
606,2021-12-26,05:00 - 06:00,19,46,7,1.17,12
607,2021-12-26,06:00 - 07:00,25,51,5,1.23,13
608,2021-12-26,07:00 - 08:00,32,41,4,1.52,13
609,2021-12-26,08:00 - 09:00,43,53,5,1.41,14
610,2021-12-26,09:00 - 10:00,34,42,8,1.15,15
611,2021-12-26,10:00 - 11:00,34,53,12,1.08,17
612,2021-12-26,11:00 - 12:00,27,45,16,1.03,20
613,2021-12-26,12:00 - 13:00,23,45,17,0.91,23
614,2021-12-26,13:00 - 14:00,27,39,18,0.81,25
615,2021-12-26,14:00 - 15:00,27,38,14,1.05,26
616,2021-12-26,15:00 - 16:00,26,44,14,1.16,25
617,2021-12-26,16:00 - 17:00,18,45,12,N/A,N/A
618,2021-12-26,17:00 - 18:00,12,43,N/A,1.42,29
619,2021-12-26,18:00 - 19:00,33,67,9,1.51,29
620,2021-12-26,19:00 - 20:00,32,92,6,1.91,28
621,2021-12-26,20:00 - 21:00,16,81,4,1.93,31
622,2021-12-26,21:00 - 22:00,25,74,4,1.95,32
623,2021-12-26,22:00 - 23:00,38,89,4,1.57,32
624,2021-12-26,23:00 - 24:00,52,81,9,1.04,26
625,2021-12-27,00:00 - 01:00,51,83,8,1.06,22
626,2021-12-27,01:00 - 02:00,45,82,10,1.06,19
627,2021-12-27,02:00 - 03:00,44,80,6,1.22,18
628,2021-12-27,03:00 - 04:00,46,91,8,1.14,18
629,2021-12-27,04:00 - 05:00,53,89,5,1.45,18
630,2021-12-27,05:00 - 06:00,54,92,4,1.94,20
631,2021-12-27,06:00 - 07:00,60,93,3,2.37,21
632,2021-12-27,07:00 - 08:00,63,97,4,2.53,21
633,2021-12-27,08:00 - 09:00,61,95,6,1.71,22
634,2021-12-27,09:00 - 10:00,54,74,10,1.51,22
635,2021-12-27,10:00 - 11:00,42,64,14,1.35,26
636,2021-12-27,11:00 - 12:00,47,58,17,1.05,59
637,2021-12-27,12:00 - 13:00,75,100,20,0.97,58
638,2021-12-27,13:00 - 14:00,60,87,12,1.37,71
639,2021-12-27,14:00 - 15:00,55,67,14,1.38,75
640,2021-12-27,15:00 - 16:00,55,96,20,N/A,N/A
641,2021-12-27,16:00 - 17:00,48,75,N/A,1.57,71
642,2021-12-27,17:00 - 18:00,42,77,8,1.81,72
643,2021-12-27,18:00 - 19:00,44,73,9,1.81,69
644,2021-12-27,19:00 - 20:00,43,74,11,1.74,69
645,2021-12-27,20:00 - 21:00,34,73,4,2.14,70
646,2021-12-27,21:00 - 22:00,32,83,2,1.99,65
647,2021-12-27,22:00 - 23:00,36,87,5,1.37,51
648,2021-12-27,23:00 - 24:00,43,81,9,1.01,37
649,2021-12-28,00:00 - 01:00,42,75,10,1.02,34
650,2021-12-28,01:00 - 02:00,35,66,16,0.77,26
651,2021-12-28,02:00 - 03:00,35,56,12,0.74,29
652,2021-12-28,03:00 - 04:00,30,56,11,0.77,29
653,2021-12-28,04:00 - 05:00,23,52,13,0.79,24
654,2021-12-28,05:00 - 06:00,21,45,8,1.07,32
655,2021-12-28,06:00 - 07:00,27,51,7,1.38,40
656,2021-12-28,07:00 - 08:00,31,63,6,1.77,45
657,2021-12-28,08:00 - 09:00,30,56,8,1.73,43
658,2021-12-28,09:00 - 10:00,25,62,13,1.36,42
659,2021-12-28,10:00 - 11:00,24,61,17,1.29,49
660,2021-12-28,11:00 - 12:00,24,59,22,1.19,50
661,2021-12-28,12:00 - 13:00,26,58,24,0.99,44
662,2021-12-28,13:00 - 14:00,24,52,26,0.88,36
663,2021-12-28,14:00 - 15:00,27,49,23,N/A,N/A
664,2021-12-28,15:00 - 16:00,24,43,N/A,1.22,39
665,2021-12-28,16:00 - 17:00,25,48,17,1.12,38
666,2021-12-28,17:00 - 18:00,24,47,17,1.51,51
667,2021-12-28,18:00 - 19:00,26,51,15,1.59,61
668,2021-12-28,19:00 - 20:00,24,58,8,1.79,63
669,2021-12-28,20:00 - 21:00,23,59,6,1.56,58
670,2021-12-28,21:00 - 22:00,29,71,5,1.52,56
671,2021-12-28,22:00 - 23:00,32,63,9,1.44,41
672,2021-12-28,23:00 - 24:00,32,72,15,0.99,28
673,2021-12-29,00:00 - 01:00,27,59,19,0.8,23
674,2021-12-29,01:00 - 02:00,26,61,26,0.66,18
675,2021-12-29,02:00 - 03:00,20,43,23,0.67,21
676,2021-12-29,03:00 - 04:00,16,39,23,0.64,21
677,2021-12-29,04:00 - 05:00,16,41,13,0.76,32
678,2021-12-29,05:00 - 06:00,19,40,8,1.03,40
679,2021-12-29,06:00 - 07:00,27,46,6,1.31,44
680,2021-12-29,07:00 - 08:00,28,53,7,1.84,49
681,2021-12-29,08:00 - 09:00,28,56,12,1.25,38
682,2021-12-29,09:00 - 10:00,29,54,13,1.38,47
683,2021-12-29,10:00 - 11:00,25,60,19,1.28,48
684,2021-12-29,11:00 - 12:00,27,51,25,0.94,35
685,2021-12-29,12:00 - 13:00,27,52,24,0.79,31
686,2021-12-29,13:00 - 14:00,25,54,25,N/A,N/A
687,2021-12-29,14:00 - 15:00,25,50,N/A,1.07,38
688,2021-12-29,15:00 - 16:00,26,49,17,1.34,51
689,2021-12-29,16:00 - 17:00,30,54,24,1.17,47
690,2021-12-29,17:00 - 18:00,29,58,21,1.31,56
691,2021-12-29,18:00 - 19:00,28,57,15,1.31,50
692,2021-12-29,19:00 - 20:00,23,60,8,1.52,50
693,2021-12-29,20:00 - 21:00,24,60,9,1.28,47
694,2021-12-29,21:00 - 22:00,29,61,5,1.42,50
695,2021-12-29,22:00 - 23:00,31,66,5,1.37,44
696,2021-12-29,23:00 - 24:00,36,69,7,1.19,38
697,2021-12-30,00:00 - 01:00,37,65,16,0.85,26
698,2021-12-30,01:00 - 02:00,29,57,17,0.79,23
699,2021-12-30,02:00 - 03:00,26,48,20,0.67,19
700,2021-12-30,03:00 - 04:00,21,50,18,0.72,21
701,2021-12-30,04:00 - 05:00,20,45,11,0.79,30
702,2021-12-30,05:00 - 06:00,20,42,4,1.33,45
703,2021-12-30,06:00 - 07:00,26,49,3,1.45,45
704,2021-12-30,07:00 - 08:00,28,52,5,1.51,41
705,2021-12-30,08:00 - 09:00,34,62,8,1.38,35
706,2021-12-30,09:00 - 10:00,28,62,8,1.27,34
707,2021-12-30,10:00 - 11:00,29,63,13,1.36,46
708,2021-12-30,11:00 - 12:00,31,65,15,0.87,35
709,2021-12-30,12:00 - 13:00,28,55,20,N/A,N/A
710,2021-12-30,13:00 - 14:00,25,52,N/A,0.66,27
711,2021-12-30,14:00 - 15:00,26,44,29,0.71,30
712,2021-12-30,15:00 - 16:00,27,49,22,0.9,38
713,2021-12-30,16:00 - 17:00,31,43,24,0.93,47
714,2021-12-30,17:00 - 18:00,25,47,21,1,48
715,2021-12-30,18:00 - 19:00,25,43,9,1.22,58
716,2021-12-30,19:00 - 20:00,24,52,6,1.72,54
717,2021-12-30,20:00 - 21:00,27,57,5,1.64,57
718,2021-12-30,21:00 - 22:00,34,61,3,1.71,59
719,2021-12-30,22:00 - 23:00,32,62,3,1.68,58
720,2021-12-30,23:00 - 24:00,37,68,9,1.28,40
721,2021-12-31,00:00 - 01:00,35,67,18,0.74,26
722,2021-12-31,01:00 - 02:00,26,54,20,0.64,20
723,2021-12-31,02:00 - 03:00,20,53,16,0.72,23
724,2021-12-31,03:00 - 04:00,20,44,9,0.77,30
725,2021-12-31,04:00 - 05:00,26,51,4,0.82,35
726,2021-12-31,05:00 - 06:00,28,49,3,1,38
727,2021-12-31,06:00 - 07:00,30,56,3,1.19,39
728,2021-12-31,07:00 - 08:00,28,53,6,1.01,32
729,2021-12-31,08:00 - 09:00,29,55,11,0.97,30
730,2021-12-31,09:00 - 10:00,26,60,17,0.81,28
731,2021-12-31,10:00 - 11:00,21,62,23,0.57,22
732,2021-12-31,11:00 - 12:00,20,51,25,N/A,N/A
733,2021-12-31,12:00 - 13:00,19,50,N/A,0.5,17
734,2021-12-31,13:00 - 14:00,18,61,30,0.63,21
735,2021-12-31,14:00 - 15:00,24,50,32,0.66,27
736,2021-12-31,15:00 - 16:00,25,52,36,0.78,30
737,2021-12-31,16:00 - 17:00,22,51,32,0.66,32
738,2021-12-31,17:00 - 18:00,20,48,24,0.82,38
739,2021-12-31,18:00 - 19:00,21,51,18,0.83,40
740,2021-12-31,19:00 - 20:00,23,57,10,1.08,47
741,2021-12-31,20:00 - 21:00,22,54,8,1.22,46
742,2021-12-31,21:00 - 22:00,29,60,9,1.58,41
743,2021-12-31,22:00 - 23:00,36,69,7,1.45,41
744,2021-12-31,23:00 - 24:00,34,73,7,1.58,37
745,2022-01-01,00:00 - 01:00,34,72,8,1.28,34
746,2022-01-01,01:00 - 02:00,36,76,18,0.79,22
747,2022-01-01,02:00 - 03:00,38,74,19,0.6,21
748,2022-01-01,03:00 - 04:00,35,66,19,0.53,18
749,2022-01-01,04:00 - 05:00,29,56,15,0.57,19
750,2022-01-01,05:00 - 06:00,32,56,20,0.47,16
751,2022-01-01,06:00 - 07:00,32,46,15,0.57,20
752,2022-01-01,07:00 - 08:00,26,39,8,0.87,29
753,2022-01-01,08:00 - 09:00,25,52,11,0.68,28
754,2022-01-01,09:00 - 10:00,25,56,14,0.7,34
755,2022-01-01,10:00 - 11:00,27,59,25,N/A,N/A
756,2022-01-01,11:00 - 12:00,32,49,N/A,0.43,21
757,2022-01-01,12:00 - 13:00,37,50,31,0.38,16
758,2022-01-01,13:00 - 14:00,35,45,31,0.43,16
759,2022-01-01,14:00 - 15:00,30,48,32,0.47,17
760,2022-01-01,15:00 - 16:00,30,37,33,0.53,22
761,2022-01-01,16:00 - 17:00,24,44,35,0.45,24
762,2022-01-01,17:00 - 18:00,21,40,27,0.58,29
763,2022-01-01,18:00 - 19:00,21,39,19,0.74,35
764,2022-01-01,19:00 - 20:00,27,41,14,0.79,37
765,2022-01-01,20:00 - 21:00,25,43,11,0.84,36
766,2022-01-01,21:00 - 22:00,26,45,15,0.69,27
767,2022-01-01,22:00 - 23:00,26,47,16,0.67,26
768,2022-01-01,23:00 - 24:00,27,48,18,0.6,25
769,2022-01-02,00:00 - 01:00,28,45,21,0.58,21
770,2022-01-02,01:00 - 02:00,22,46,18,0.59,24
771,2022-01-02,02:00 - 03:00,20,46,16,0.51,24
772,2022-01-02,03:00 - 04:00,21,45,14,0.58,22
773,2022-01-02,04:00 - 05:00,23,41,7,0.74,27
774,2022-01-02,05:00 - 06:00,34,48,7,0.8,26
775,2022-01-02,06:00 - 07:00,38,57,4,1.15,33
776,2022-01-02,07:00 - 08:00,36,61,8,1,28
777,2022-01-02,08:00 - 09:00,32,59,11,0.96,29
778,2022-01-02,09:00 - 10:00,28,60,16,N/A,N/A
779,2022-01-02,10:00 - 11:00,32,52,N/A,N/A,N/A
780,2022-01-02,11:00 - 12:00,33,50,N/A,N/A,N/A
781,2022-01-02,12:00 - 13:00,37,46,N/A,N/A,N/A
782,2022-01-02,13:00 - 14:00,31,48,N/A,N/A,N/A
783,2022-01-02,14:00 - 15:00,28,41,N/A,N/A,N/A
784,2022-01-02,15:00 - 16:00,29,39,N/A,N/A,N/A
785,2022-01-02,16:00 - 17:00,30,46,N/A,N/A,N/A
786,2022-01-02,17:00 - 18:00,23,41,N/A,N/A,N/A
787,2022-01-02,18:00 - 19:00,19,38,N/A,N/A,N/A
788,2022-01-02,19:00 - 20:00,19,42,N/A,N/A,N/A
789,2022-01-02,20:00 - 21:00,20,48,N/A,N/A,N/A
790,2022-01-02,21:00 - 22:00,27,63,5,1.6,44
791,2022-01-02,22:00 - 23:00,30,54,7,1.29,39
792,2022-01-02,23:00 - 24:00,26,67,5,1.25,41
793,2022-01-03,00:00 - 01:00,24,62,2,1.24,42
794,2022-01-03,01:00 - 02:00,23,56,2,1.32,42
795,2022-01-03,02:00 - 03:00,27,53,4,0.98,41
796,2022-01-03,03:00 - 04:00,35,46,9,0.96,33
797,2022-01-03,04:00 - 05:00,37,53,7,0.85,35
798,2022-01-03,05:00 - 06:00,34,51,4,1.07,47
799,2022-01-03,06:00 - 07:00,38,57,2,1.34,43
800,2022-01-03,07:00 - 08:00,40,66,4,1.36,39
801,2022-01-03,08:00 - 09:00,37,66,7,N/A,N/A
802,2022-01-03,09:00 - 10:00,33,67,N/A,1.07,36
803,2022-01-03,10:00 - 11:00,31,68,23,0.91,27
804,2022-01-03,11:00 - 12:00,36,59,24,0.96,37
805,2022-01-03,12:00 - 13:00,37,59,28,0.94,34
806,2022-01-03,13:00 - 14:00,32,55,28,0.83,29
807,2022-01-03,14:00 - 15:00,29,45,27,0.79,29
808,2022-01-03,15:00 - 16:00,24,38,25,0.67,26
809,2022-01-03,16:00 - 17:00,21,41,21,0.82,33
810,2022-01-03,17:00 - 18:00,18,36,17,0.93,41
811,2022-01-03,18:00 - 19:00,18,40,11,1.24,48
812,2022-01-03,19:00 - 20:00,21,45,11,1.5,58
813,2022-01-03,20:00 - 21:00,30,53,13,1.45,51
814,2022-01-03,21:00 - 22:00,34,63,4,1.6,58
815,2022-01-03,22:00 - 23:00,37,63,4,1.56,54
816,2022-01-03,23:00 - 24:00,31,64,3,1.25,50
817,2022-01-04,00:00 - 01:00,29,67,3,1.27,46
818,2022-01-04,01:00 - 02:00,35,70,2,1.31,43
819,2022-01-04,02:00 - 03:00,37,76,2,1.24,38
820,2022-01-04,03:00 - 04:00,47,85,2,1.12,35
821,2022-01-04,04:00 - 05:00,50,84,2,1.13,35
822,2022-01-04,05:00 - 06:00,52,86,2,1.69,45
823,2022-01-04,06:00 - 07:00,49,93,2,2.09,48
824,2022-01-04,07:00 - 08:00,50,102,N/A,N/A,N/A
825,2022-01-04,08:00 - 09:00,50,102,N/A,N/A,N/A
826,2022-01-04,09:00 - 10:00,57,127,6,1.57,47
827,2022-01-04,10:00 - 11:00,59,102,8,1.58,57
828,2022-01-04,11:00 - 12:00,43,77,15,1.18,46
829,2022-01-04,12:00 - 13:00,31,74,23,0.86,35
830,2022-01-04,13:00 - 14:00,28,61,23,0.93,41
831,2022-01-04,14:00 - 15:00,30,81,24,1,46
832,2022-01-04,15:00 - 16:00,25,67,15,1.35,65
833,2022-01-04,16:00 - 17:00,27,69,24,1.18,55
834,2022-01-04,17:00 - 18:00,28,70,15,1.39,64
835,2022-01-04,18:00 - 19:00,31,71,9,1.78,72
836,2022-01-04,19:00 - 20:00,37,77,8,1.81,70
837,2022-01-04,20:00 - 21:00,41,84,7,1.76,62
838,2022-01-04,21:00 - 22:00,43,84,3,1.72,59
839,2022-01-04,22:00 - 23:00,40,82,5,1.24,50
840,2022-01-04,23:00 - 24:00,38,80,9,0.87,38
841,2022-01-05,00:00 - 01:00,40,80,4,0.9,38
842,2022-01-05,01:00 - 02:00,36,78,3,0.93,38
843,2022-01-05,02:00 - 03:00,36,77,2,0.98,41
844,2022-01-05,03:00 - 04:00,41,81,1,1.25,41
845,2022-01-05,04:00 - 05:00,45,86,2,1.34,44
846,2022-01-05,05:00 - 06:00,50,88,2,1.68,47
847,2022-01-05,06:00 - 07:00,53,91,2,N/A,N/A
848,2022-01-05,07:00 - 08:00,56,106,N/A,3.04,54
849,2022-01-05,08:00 - 09:00,61,119,3,2.69,60
850,2022-01-05,09:00 - 10:00,68,121,4,2.07,69
851,2022-01-05,10:00 - 11:00,71,118,12,1.54,62
852,2022-01-05,11:00 - 12:00,63,105,14,1.34,69
853,2022-01-05,12:00 - 13:00,55,91,19,1.11,60
854,2022-01-05,13:00 - 14:00,49,87,20,1.09,64
855,2022-01-05,14:00 - 15:00,41,83,24,1.01,55
856,2022-01-05,15:00 - 16:00,34,74,35,0.86,44
857,2022-01-05,16:00 - 17:00,31,68,22,1.16,62
858,2022-01-05,17:00 - 18:00,36,70,51,1.61,60
859,2022-01-05,18:00 - 19:00,50,81,49,1.67,51
860,2022-01-05,19:00 - 20:00,55,92,12,2.14,93
861,2022-01-05,20:00 - 21:00,56,98,4,2.65,107
862,2022-01-05,21:00 - 22:00,63,104,4,2.11,87
863,2022-01-05,22:00 - 23:00,59,110,2,1.85,74
864,2022-01-05,23:00 - 24:00,52,109,2,1.51,66
