datetime,PM2.5,PM10,CO,NO2,NO,NOX
2021-10-16 00:00:00,7,0.0,64,27,89,1009
2021-10-16 01:00:00,11,0.1,108,27,90,1008
2021-10-16 02:00:00,12,0.1,109,27,92,1008
2021-10-16 03:00:00,18,0.0,114,26,94,1008
2021-10-16 04:00:00,16,0.0,107,26,94,1008
2021-10-16 05:00:00,20,0.1,103,26,95,1008
2021-10-16 06:00:00,25,0.1,48,26,94,1008
2021-10-16 07:00:00,24,0.0,198,27,93,1009
2021-10-16 08:00:00,27,0.1,42,27,92,1010
2021-10-16 09:00:00,31,0.1,136,29,79,1010
2021-10-16 10:00:00,21,0.2,139,32,68,1011
2021-10-16 11:00:00,19,0.2,135,33,63,1011
2021-10-16 12:00:00,16,0.3,135,33,63,1010
2021-10-16 13:00:00,16,0.3,126,33,61,1009
2021-10-16 14:00:00,15,0.3,128,33,61,1008
2021-10-16 15:00:00,15,0.3,125,33,60,1007
2021-10-16 16:00:00,14,0.3,133,33,61,1007
2021-10-16 17:00:00,16,0.3,154,32,66,1008
2021-10-16 18:00:00,14,0.4,219,29,69,1009
2021-10-16 19:00:00,15,0.2,192,28,71,1009
2021-10-16 20:00:00,14,0.1,161,29,75,1010
2021-10-16 21:00:00,13,0.1,137,29,79,1011
2021-10-16 22:00:00,10,0.1,119,29,81,1012
2021-10-16 23:00:00,12,0.1,242,28,86,1012
2021-10-17 00:00:00,9,0.4,44,26,93,1012
2021-10-17 01:00:00,6,0.4,42,25,97,1012
2021-10-17 02:00:00,12,0.1,69,25,97,1011
2021-10-17 03:00:00,11,0.2,239,25,99,1011
2021-10-17 04:00:00,6,0.3,240,24,99,1010
2021-10-17 05:00:00,2,0.5,250,24,100,1010
2021-10-17 06:00:00,0,1.2,252,23,100,1011
2021-10-17 07:00:00,2,0.6,247,23,100,1012
2021-10-17 08:00:00,5,0.3,46,23,100,1013
2021-10-17 09:00:00,6,0.6,42,24,100,1014
2021-10-17 10:00:00,10,0.2,67,24,100,1015
2021-10-17 11:00:00,11,0.1,81,24,100,1015
2021-10-17 12:00:00,10,0.1,125,24,97,1014
2021-10-17 13:00:00,12,0.5,52,24,95,1013
2021-10-17 14:00:00,19,0.4,53,25,96,1012
2021-10-17 15:00:00,11,0.1,302,24,97,1011
2021-10-17 16:00:00,12,0.2,100,24,99,1011
2021-10-17 17:00:00,16,0.1,228,24,100,1011
2021-10-17 18:00:00,22,0.1,234,24,99,1011
2021-10-17 19:00:00,12,0.1,244,23,99,1012
2021-10-17 20:00:00,11,0.0,253,23,99,1013
2021-10-17 21:00:00,14,0.1,252,24,98,1014
2021-10-17 22:00:00,25,0.0,240,24,99,1014
2021-10-17 23:00:00,24,0.1,264,24,99,1014
2021-10-18 00:00:00,26,0.1,292,23,99,1014
2021-10-18 01:00:00,8,0.1,233,22,99,1013
2021-10-18 02:00:00,6,0.1,253,22,100,1012
2021-10-18 03:00:00,13,0.3,48,23,100,1012
2021-10-18 04:00:00,14,0.3,39,23,100,1011
2021-10-18 05:00:00,10,0.4,246,23,100,1011
2021-10-18 06:00:00,8,0.2,253,23,100,1011
2021-10-18 07:00:00,8,0.9,246,23,99,1012
2021-10-18 08:00:00,8,0.2,60,23,98,1013
2021-10-18 09:00:00,11,1.1,57,24,93,1013
2021-10-18 10:00:00,8,1.5,40,26,81,1014
2021-10-18 11:00:00,9,1.2,41,27,74,1014
2021-10-18 12:00:00,10,1.0,40,27,73,1013
2021-10-18 13:00:00,11,0.6,51,27,72,1012
2021-10-18 14:00:00,12,0.4,63,27,72,1011
2021-10-18 15:00:00,14,0.7,37,26,73,1011
2021-10-18 16:00:00,16,0.7,41,27,73,1010
2021-10-18 17:00:00,12,0.1,41,26,78,1011
2021-10-18 18:00:00,16,0.4,64,25,82,1011
2021-10-18 19:00:00,12,0.3,251,25,83,1012
2021-10-18 20:00:00,19,0.2,63,25,85,1013
2021-10-18 21:00:00,17,0.0,32,25,87,1014
2021-10-18 22:00:00,18,0.3,67,24,89,1015
2021-10-18 23:00:00,15,0.4,72,24,91,1015
2021-10-19 00:00:00,17,0.2,248,24,92,1015
2021-10-19 01:00:00,27,0.4,244,24,92,1015
2021-10-19 02:00:00,13,0.0,48,24,94,1015
2021-10-19 03:00:00,15,0.2,244,24,93,1014
2021-10-19 04:00:00,23,0.2,249,24,95,1014
2021-10-19 05:00:00,13,0.2,255,24,96,1014
2021-10-19 06:00:00,15,0.3,256,24,96,1014
2021-10-19 07:00:00,4,0.1,58,24,95,1015
2021-10-19 08:00:00,15,0.1,251,25,93,1016
2021-10-19 09:00:00,14,0.4,59,26,90,1016
2021-10-19 10:00:00,20,0.1,3,27,84,1017
2021-10-19 11:00:00,16,0.2,11,28,80,1016
2021-10-19 12:00:00,20,0.4,43,29,76,1015
2021-10-19 13:00:00,21,0.2,45,30,72,1015
2021-10-19 14:00:00,22,0.1,21,30,71,1014
2021-10-19 15:00:00,31,0.1,300,30,72,1013
2021-10-19 16:00:00,27,0.6,245,29,76,1013
2021-10-19 17:00:00,23,0.5,248,30,74,1013
2021-10-19 18:00:00,25,0.5,246,29,76,1013
2021-10-19 19:00:00,28,0.2,251,28,80,1014
2021-10-19 20:00:00,29,0.0,358,27,83,1014
2021-10-19 21:00:00,35,0.2,64,27,86,1015
2021-10-19 22:00:00,33,0.1,43,27,87,1016
2021-10-19 23:00:00,27,0.1,43,27,88,1016
2021-10-20 00:00:00,33,0.0,305,26,89,1016
2021-10-20 01:00:00,32,0.1,252,26,90,1016
2021-10-20 02:00:00,46,0.2,255,26,93,1015
2021-10-20 03:00:00,60,0.3,246,25,93,1015
2021-10-20 04:00:00,48,0.2,257,25,95,1015
2021-10-20 05:00:00,40,0.1,273,25,96,1015
2021-10-20 06:00:00,36,0.2,252,25,97,1015
2021-10-20 07:00:00,31,0.1,280,25,98,1016
2021-10-20 08:00:00,39,0.5,248,26,95,1016
2021-10-20 09:00:00,31,0.6,248,28,85,1017
2021-10-20 10:00:00,19,0.2,295,30,78,1018
2021-10-20 11:00:00,13,0.7,248,30,74,1017
2021-10-20 12:00:00,21,0.2,265,32,67,1016
2021-10-20 13:00:00,19,0.2,280,32,66,1015
2021-10-20 14:00:00,21,0.2,32,32,64,1014
2021-10-20 15:00:00,16,0.3,257,32,66,1013
2021-10-20 16:00:00,18,0.4,249,32,66,1012
2021-10-20 17:00:00,18,0.1,231,31,68,1012
2021-10-20 18:00:00,21,0.1,130,30,79,1012
2021-10-20 19:00:00,38,0.0,128,30,81,1012
2021-10-20 20:00:00,45,0.1,36,29,82,1013
2021-10-20 21:00:00,55,0.1,93,29,84,1013
2021-10-20 22:00:00,55,0.1,115,29,85,1014
2021-10-20 23:00:00,51,0.1,95,28,88,1015
2021-10-21 00:00:00,53,0.1,119,28,89,1014
2021-10-21 01:00:00,59,0.0,26,28,91,1014
2021-10-21 02:00:00,68,0.0,97,27,93,1014
2021-10-21 03:00:00,69,0.1,75,28,94,1014
2021-10-21 04:00:00,69,0.1,167,27,87,1014
2021-10-21 05:00:00,23,0.2,69,26,89,1014
2021-10-21 06:00:00,12,0.2,42,24,97,1014
2021-10-21 07:00:00,14,0.1,133,25,97,1015
2021-10-21 08:00:00,18,0.1,201,25,94,1015
2021-10-21 09:00:00,15,0.2,61,27,89,1015
2021-10-21 10:00:00,22,0.4,45,29,81,1016
2021-10-21 11:00:00,20,0.4,47,30,71,1015
2021-10-21 12:00:00,16,0.3,239,31,68,1014
2021-10-21 13:00:00,27,0.4,227,32,64,1013
2021-10-21 14:00:00,37,0.5,241,33,62,1012
2021-10-21 15:00:00,34,0.3,250,32,60,1011
2021-10-21 16:00:00,30,0.1,138,32,70,1010
2021-10-21 17:00:00,43,0.2,129,31,75,1011
2021-10-21 18:00:00,41,0.4,102,27,97,1011
2021-10-21 19:00:00,56,0.1,123,26,98,1012
2021-10-21 20:00:00,69,0.1,126,26,95,1013
2021-10-21 21:00:00,46,0.1,117,26,96,1014
2021-10-21 22:00:00,38,0.1,149,26,95,1014
2021-10-21 23:00:00,20,0.0,130,26,94,1014
2021-10-22 00:00:00,21,0.1,42,26,94,1014
2021-10-22 01:00:00,17,0.1,55,26,94,1014
2021-10-22 02:00:00,15,0.1,49,26,95,1013
2021-10-22 03:00:00,15,0.1,10,26,94,1013
2021-10-22 04:00:00,16,0.2,36,27,93,1013
2021-10-22 05:00:00,22,0.0,130,26,95,1013
2021-10-22 06:00:00,29,0.1,51,26,95,1013
2021-10-22 07:00:00,54,0.0,136,26,93,1013
2021-10-22 08:00:00,31,0.4,48,28,83,1015
2021-10-22 09:00:00,26,0.3,70,30,79,1015
2021-10-22 10:00:00,41,0.1,128,31,70,1015
2021-10-22 11:00:00,28,0.2,183,32,66,1015
2021-10-22 12:00:00,34,0.3,117,33,66,1015
2021-10-22 13:00:00,36,0.3,133,33,65,1013
2021-10-22 14:00:00,41,0.7,249,30,73,1013
2021-10-22 15:00:00,18,0.0,250,25,91,1012
2021-10-22 16:00:00,21,0.6,52,28,83,1011
2021-10-22 17:00:00,29,0.6,59,29,76,1011
2021-10-22 18:00:00,26,0.7,87,25,95,1013
2021-10-22 19:00:00,16,0.1,238,24,100,1013
2021-10-22 20:00:00,19,0.0,212,24,100,1014
2021-10-22 21:00:00,21,0.1,222,24,100,1015
2021-10-22 22:00:00,23,0.1,242,24,100,1016
2021-10-22 23:00:00,14,0.1,267,24,100,1016
2021-10-23 00:00:00,15,0.2,241,24,100,1016
2021-10-23 01:00:00,24,0.3,244,24,100,1015
2021-10-23 02:00:00,30,0.2,255,24,100,1015
2021-10-23 03:00:00,34,0.4,250,24,100,1014
2021-10-23 04:00:00,18,0.3,249,24,100,1014
2021-10-23 05:00:00,15,0.1,252,24,100,1014
2021-10-23 06:00:00,15,0.3,63,24,100,1014
2021-10-23 07:00:00,18,0.3,67,24,100,1014
2021-10-23 08:00:00,23,0.4,65,25,100,1015
2021-10-23 09:00:00,27,0.9,48,27,95,1016
2021-10-23 10:00:00,28,0.7,42,28,83,1016
2021-10-23 11:00:00,23,1.0,49,30,76,1017
2021-10-23 12:00:00,21,1.4,47,30,73,1016
2021-10-23 13:00:00,22,1.5,47,31,69,1015
2021-10-23 14:00:00,15,1.1,56,31,67,1014
2021-10-23 15:00:00,20,1.3,50,31,66,1013
2021-10-23 16:00:00,12,1.2,43,31,66,1013
2021-10-23 17:00:00,13,0.9,44,30,67,1012
2021-10-23 18:00:00,16,0.6,54,29,69,1013
2021-10-23 19:00:00,20,0.5,48,28,74,1014
2021-10-23 20:00:00,13,0.4,77,28,77,1014
2021-10-23 21:00:00,18,0.2,78,27,79,1015
2021-10-23 22:00:00,17,0.3,39,27,80,1016
2021-10-23 23:00:00,14,0.4,43,27,80,1016
2021-10-24 00:00:00,13,0.2,84,27,82,1016
2021-10-24 01:00:00,14,0.3,56,27,82,1016
2021-10-24 02:00:00,13,0.4,52,27,79,1015
2021-10-24 03:00:00,12,0.8,38,27,78,1014
2021-10-24 04:00:00,9,0.4,35,27,80,1014
2021-10-24 05:00:00,9,0.0,240,26,83,1014
2021-10-24 06:00:00,7,0.2,49,26,86,1014
2021-10-24 07:00:00,18,0.6,46,26,87,1014
2021-10-24 08:00:00,17,0.5,48,27,77,1015
2021-10-24 09:00:00,17,0.6,53,27,79,1016
2021-10-24 10:00:00,17,0.3,50,27,81,1016
2021-10-24 11:00:00,21,0.4,48,29,72,1016
2021-10-24 12:00:00,17,0.1,32,31,64,1015
2021-10-24 13:00:00,16,0.2,288,31,66,1014
2021-10-24 14:00:00,18,0.4,52,31,65,1013
2021-10-24 15:00:00,18,0.1,282,31,65,1012
2021-10-24 16:00:00,18,0.2,281,30,67,1012
2021-10-24 17:00:00,18,0.3,255,30,68,1012
2021-10-24 18:00:00,18,0.2,254,29,71,1012
2021-10-24 19:00:00,16,0.2,252,29,74,1013
2021-10-24 20:00:00,22,0.4,72,28,75,1013
2021-10-24 21:00:00,22,0.2,67,28,75,1014
2021-10-24 22:00:00,22,0.1,248,27,77,1015
2021-10-24 23:00:00,19,0.1,62,27,79,1015
2021-10-25 00:00:00,25,0.5,38,27,74,1015
2021-10-25 01:00:00,11,0.3,39,27,74,1015
2021-10-25 02:00:00,16,0.1,274,26,81,1014
2021-10-25 03:00:00,24,0.1,246,26,85,1013
2021-10-25 04:00:00,28,0.1,58,26,86,1013
2021-10-25 05:00:00,42,0.2,246,25,87,1013
2021-10-25 06:00:00,36,0.3,61,25,88,1013
2021-10-25 07:00:00,36,0.1,65,26,87,1014
2021-10-25 08:00:00,35,0.4,49,28,74,1014
2021-10-25 09:00:00,22,0.6,50,29,66,1015
2021-10-25 10:00:00,14,0.7,51,30,59,1015
2021-10-25 11:00:00,14,0.8,50,31,54,1015
2021-10-25 12:00:00,12,0.8,42,32,53,1014
2021-10-25 13:00:00,11,0.7,45,33,51,1013
2021-10-25 14:00:00,8,0.3,40,33,51,1012
2021-10-25 15:00:00,13,0.6,253,32,60,1011
2021-10-25 16:00:00,23,0.4,248,31,59,1010
2021-10-25 17:00:00,24,0.3,53,31,60,1010
2021-10-25 18:00:00,17,0.6,62,30,61,1011
2021-10-25 19:00:00,20,0.0,96,30,64,1011
2021-10-25 20:00:00,22,0.0,246,29,67,1012
2021-10-25 21:00:00,19,0.1,42,29,67,1012
2021-10-25 22:00:00,25,0.3,50,29,68,1013
2021-10-25 23:00:00,26,0.0,325,28,70,1013
2021-10-26 00:00:00,26,0.2,36,28,69,1013
2021-10-26 01:00:00,20,0.1,106,27,74,1013
2021-10-26 02:00:00,20,0.3,42,27,72,1012
2021-10-26 03:00:00,19,0.3,56,27,72,1012
2021-10-26 04:00:00,15,0.2,50,26,78,1012
2021-10-26 05:00:00,32,0.0,46,26,83,1012
2021-10-26 06:00:00,50,0.0,303,26,84,1012
2021-10-26 07:00:00,33,0.1,105,26,81,1013
2021-10-26 08:00:00,38,0.6,52,28,70,1013
2021-10-26 09:00:00,32,0.9,44,29,64,1014
2021-10-26 10:00:00,23,0.3,47,30,60,1014
2021-10-26 11:00:00,21,0.2,40,31,56,1014
2021-10-26 12:00:00,24,0.2,301,32,55,1013
2021-10-26 13:00:00,23,0.2,58,33,51,1012
2021-10-26 14:00:00,31,0.3,42,33,50,1011
2021-10-26 15:00:00,24,0.2,140,33,57,1010
2021-10-26 16:00:00,46,0.2,162,33,57,1010
2021-10-26 17:00:00,41,0.2,134,32,59,1010
2021-10-26 18:00:00,49,0.2,192,31,64,1010
2021-10-26 19:00:00,60,0.4,242,30,65,1011
2021-10-26 20:00:00,40,0.1,255,29,64,1011
2021-10-26 21:00:00,30,0.1,259,29,67,1012
2021-10-26 22:00:00,33,0.0,230,28,69,1013
2021-10-26 23:00:00,25,0.1,76,28,70,1013
2021-10-27 00:00:00,22,0.1,58,28,70,1013
2021-10-27 01:00:00,22,0.1,252,27,70,1013
2021-10-27 02:00:00,22,0.1,246,27,71,1013
2021-10-27 03:00:00,21,0.1,347,27,74,1012
2021-10-27 04:00:00,38,0.1,32,26,77,1012
2021-10-27 05:00:00,26,0.1,243,26,78,1012
2021-10-27 06:00:00,24,0.0,11,26,80,1012
2021-10-27 07:00:00,25,0.5,64,26,81,1013
2021-10-27 08:00:00,27,0.6,56,27,75,1014
2021-10-27 09:00:00,30,0.8,47,29,68,1014
2021-10-27 10:00:00,32,1.4,42,30,60,1014
2021-10-27 11:00:00,27,1.4,43,31,54,1014
2021-10-27 12:00:00,25,0.9,39,31,54,1013
2021-10-27 13:00:00,26,0.8,43,32,52,1012
2021-10-27 14:00:00,23,0.8,37,32,50,1011
2021-10-27 15:00:00,20,0.2,338,32,50,1010
2021-10-27 16:00:00,24,0.3,46,32,53,1010
2021-10-27 17:00:00,23,1.0,55,31,55,1010
2021-10-27 18:00:00,21,0.1,116,30,60,1010
2021-10-27 19:00:00,25,0.6,68,30,63,1011
2021-10-27 20:00:00,25,0.3,65,30,64,1011
2021-10-27 21:00:00,29,0.1,239,29,65,1012
2021-10-27 22:00:00,24,0.4,253,29,69,1012
2021-10-27 23:00:00,36,0.2,252,29,72,1013
2021-10-28 00:00:00,32,0.1,274,28,73,1012
2021-10-28 01:00:00,29,0.1,68,28,74,1012
2021-10-28 02:00:00,43,0.1,64,28,73,1011
2021-10-28 03:00:00,37,0.1,282,28,77,1011
2021-10-28 04:00:00,48,0.1,61,27,80,1010
2021-10-28 05:00:00,33,0.1,61,27,83,1010
2021-10-28 06:00:00,46,0.3,69,27,81,1011
2021-10-28 07:00:00,31,0.3,72,27,76,1012
2021-10-28 08:00:00,29,0.6,63,28,73,1012
2021-10-28 09:00:00,32,1.0,48,29,67,1013
2021-10-28 10:00:00,29,1.1,39,29,62,1014
2021-10-28 11:00:00,29,0.7,48,30,61,1013
2021-10-28 12:00:00,46,0.6,55,30,60,1013
2021-10-28 13:00:00,32,1.0,54,29,63,1012
2021-10-28 14:00:00,36,1.3,39,29,66,1011
2021-10-28 15:00:00,30,1.2,45,29,67,1011
2021-10-28 16:00:00,29,1.1,57,28,71,1010
2021-10-28 17:00:00,29,1.7,43,27,74,1010
2021-10-28 18:00:00,24,0.9,61,27,76,1011
2021-10-28 19:00:00,19,0.6,65,26,78,1011
2021-10-28 20:00:00,24,0.4,73,26,81,1012
2021-10-28 21:00:00,19,0.7,55,26,82,1013
2021-10-28 22:00:00,18,0.8,54,26,82,1014
2021-10-28 23:00:00,17,0.2,59,26,83,1014
2021-10-29 00:00:00,14,0.7,51,26,83,1014
2021-10-29 01:00:00,19,0.2,69,26,84,1013
2021-10-29 02:00:00,17,0.1,61,25,86,1013
2021-10-29 03:00:00,16,0.3,62,25,87,1013
2021-10-29 04:00:00,14,0.1,53,25,88,1012
2021-10-29 05:00:00,30,0.1,264,25,90,1013
2021-10-29 06:00:00,24,0.2,61,25,91,1013
2021-10-29 07:00:00,23,0.3,61,25,91,1013
2021-10-29 08:00:00,34,0.5,56,26,88,1014
2021-10-29 09:00:00,30,0.3,55,27,82,1015
2021-10-29 10:00:00,24,0.6,48,29,72,1016
2021-10-29 11:00:00,25,0.3,88,31,66,1015
2021-10-29 12:00:00,30,0.3,79,31,63,1015
2021-10-29 13:00:00,28,0.2,116,33,59,1014
2021-10-29 14:00:00,25,0.3,140,33,59,1013
2021-10-29 15:00:00,24,0.3,141,33,58,1012
2021-10-29 16:00:00,21,0.2,127,33,56,1012
2021-10-29 17:00:00,27,0.2,157,32,60,1012
2021-10-29 18:00:00,23,0.2,178,31,63,1012
2021-10-29 19:00:00,22,0.1,153,30,68,1012
2021-10-29 20:00:00,24,0.1,203,29,71,1013
2021-10-29 21:00:00,20,0.1,182,29,73,1014
2021-10-29 22:00:00,27,0.0,227,28,76,1015
2021-10-29 23:00:00,26,0.1,3,28,78,1015
2021-10-30 00:00:00,22,0.1,263,28,79,1015
2021-10-30 01:00:00,27,0.0,19,28,79,1015
2021-10-30 02:00:00,38,0.2,62,27,82,1014
2021-10-30 03:00:00,42,0.1,262,27,82,1014
2021-10-30 04:00:00,50,0.2,60,27,84,1014
2021-10-30 05:00:00,38,0.3,69,27,89,1014
2021-10-30 06:00:00,56,0.2,58,26,91,1014
2021-10-30 07:00:00,59,0.2,258,27,91,1015
2021-10-30 08:00:00,70,0.1,299,28,88,1015
2021-10-30 09:00:00,50,0.1,44,29,81,1016
2021-10-30 10:00:00,35,0.2,270,30,77,1016
2021-10-30 11:00:00,32,0.1,26,31,74,1015
2021-10-30 12:00:00,30,0.1,317,31,70,1014
2021-10-30 13:00:00,23,0.3,266,32,67,1014
2021-10-30 14:00:00,25,0.4,261,31,69,1013
2021-10-30 15:00:00,27,0.2,174,28,83,1012
2021-10-30 16:00:00,33,0.2,248,27,88,1012
2021-10-30 17:00:00,27,0.1,122,28,85,1012
2021-10-30 18:00:00,95,0.3,67,28,84,1012
2021-10-30 19:00:00,36,0.7,48,27,87,1013
2021-10-30 20:00:00,17,0.9,36,26,89,1014
2021-10-30 21:00:00,20,0.4,37,26,88,1015
2021-10-30 22:00:00,21,0.2,51,26,89,1015
2021-10-30 23:00:00,23,0.0,119,26,93,1015
2021-10-31 00:00:00,20,0.0,67,26,94,1015
2021-10-31 01:00:00,21,0.0,81,26,94,1014
2021-10-31 02:00:00,15,0.0,62,26,95,1014
2021-10-31 03:00:00,17,0.0,350,25,96,1013
2021-10-31 04:00:00,14,0.4,252,25,95,1013
2021-10-31 05:00:00,14,0.4,254,25,96,1013
2021-10-31 06:00:00,20,0.2,65,25,97,1013
2021-10-31 07:00:00,15,0.2,56,25,95,1014
2021-10-31 08:00:00,23,0.3,55,27,90,1015
2021-10-31 09:00:00,23,0.5,59,28,81,1016
2021-10-31 10:00:00,26,0.2,12,30,73,1016
2021-10-31 11:00:00,16,0.2,18,30,72,1016
2021-10-31 12:00:00,15,0.2,174,30,76,1015
2021-10-31 13:00:00,18,0.2,160,30,75,1014
2021-10-31 14:00:00,22,0.2,137,31,72,1013
2021-10-31 15:00:00,23,0.1,237,28,82,1012
2021-10-31 16:00:00,20,0.2,246,26,88,1011
2021-10-31 17:00:00,21,0.3,128,25,94,1012
2021-10-31 18:00:00,21,0.6,38,23,100,1013
2021-10-31 19:00:00,19,0.1,252,24,100,1013
2021-10-31 20:00:00,12,0.3,66,24,100,1014
2021-10-31 21:00:00,12,0.1,82,24,100,1015
2021-10-31 22:00:00,15,0.0,54,25,99,1015
2021-10-31 23:00:00,11,0.0,287,25,98,1015
2021-11-01 00:00:00,14,0.0,37,25,98,1015
2021-11-01 01:00:00,24,0.1,42,25,99,1014
2021-11-01 02:00:00,34,0.0,26,25,98,1014
2021-11-01 03:00:00,31,0.0,41,25,98,1013
2021-11-01 04:00:00,23,0.3,245,25,97,1013
2021-11-01 05:00:00,28,0.2,53,25,99,1013
2021-11-01 06:00:00,21,0.1,61,25,98,1013
2021-11-01 07:00:00,21,0.2,53,25,98,1014
2021-11-01 08:00:00,26,0.8,52,26,97,1015
2021-11-01 09:00:00,35,0.6,49,28,88,1015
2021-11-01 10:00:00,26,0.6,44,30,78,1016
2021-11-01 11:00:00,15,0.7,55,30,75,1015
2021-11-01 12:00:00,18,0.7,46,31,70,1014
2021-11-01 13:00:00,47,0.2,73,32,68,1013
2021-11-01 14:00:00,23,0.3,229,32,68,1012
2021-11-01 15:00:00,25,0.8,252,31,73,1011
2021-11-01 16:00:00,18,0.4,254,32,71,1011
2021-11-01 17:00:00,29,0.2,270,31,73,1011
2021-11-01 18:00:00,25,0.8,54,24,96,1013
2021-11-01 19:00:00,20,0.2,243,24,100,1013
2021-11-01 20:00:00,14,0.1,283,24,100,1014
2021-11-01 21:00:00,13,0.1,68,24,100,1015
2021-11-01 22:00:00,18,0.1,46,24,100,1015
2021-11-01 23:00:00,21,0.1,249,25,100,1015
2021-11-02 00:00:00,12,0.0,274,25,98,1015
2021-11-02 01:00:00,28,0.2,257,25,95,1014
2021-11-02 02:00:00,31,0.1,304,25,96,1014
2021-11-02 03:00:00,31,0.3,57,25,97,1013
2021-11-02 04:00:00,32,0.0,224,25,98,1013
2021-11-02 05:00:00,15,0.1,29,25,98,1013
2021-11-02 06:00:00,22,0.1,262,25,99,1013
2021-11-02 07:00:00,24,0.2,48,25,99,1014
2021-11-02 08:00:00,36,0.2,258,26,97,1014
2021-11-02 09:00:00,45,0.3,256,28,90,1015
2021-11-02 10:00:00,35,0.2,291,29,84,1015
2021-11-02 11:00:00,33,0.1,353,30,79,1015
2021-11-02 12:00:00,23,1.0,41,31,68,1014
2021-11-02 13:00:00,21,0.2,304,31,70,1013
2021-11-02 14:00:00,20,0.8,240,30,76,1012
2021-11-02 15:00:00,14,0.4,232,30,75,1011
2021-11-02 16:00:00,16,0.4,248,30,75,1011
2021-11-02 17:00:00,27,0.3,266,29,80,1011
2021-11-02 18:00:00,31,0.2,22,24,93,1012
2021-11-02 19:00:00,12,0.3,252,25,93,1012
2021-11-02 20:00:00,18,0.1,171,25,95,1014
2021-11-02 21:00:00,23,0.2,218,24,99,1015
2021-11-02 22:00:00,15,0.2,254,23,100,1015
2021-11-02 23:00:00,13,0.2,53,24,100,1015
2021-11-03 00:00:00,17,0.1,219,24,100,1015
2021-11-03 01:00:00,19,0.1,77,24,100,1015
2021-11-03 02:00:00,19,0.4,248,25,100,1014
2021-11-03 03:00:00,26,0.2,257,25,100,1013
2021-11-03 04:00:00,28,0.1,41,25,99,1013
2021-11-03 05:00:00,28,0.1,250,25,97,1012
2021-11-03 06:00:00,27,0.4,245,25,97,1012
2021-11-03 07:00:00,13,0.3,250,25,98,1013
2021-11-03 08:00:00,18,0.3,255,26,95,1014
2021-11-03 09:00:00,16,0.2,30,28,89,1015
2021-11-03 10:00:00,14,0.9,52,29,79,1015
2021-11-03 11:00:00,15,0.5,38,30,74,1015
2021-11-03 12:00:00,17,0.6,33,31,70,1014
2021-11-03 13:00:00,28,0.9,48,32,65,1013
2021-11-03 14:00:00,27,0.3,56,32,59,1012
2021-11-03 15:00:00,22,0.1,52,33,54,1011
2021-11-03 16:00:00,23,0.3,235,32,66,1010
2021-11-03 17:00:00,28,0.2,211,31,67,1010
2021-11-03 18:00:00,34,0.5,240,30,74,1010
2021-11-03 19:00:00,28,0.5,253,28,76,1011
2021-11-03 20:00:00,20,0.3,250,27,82,1012
2021-11-03 21:00:00,17,0.1,16,27,83,1013
2021-11-03 22:00:00,18,0.0,254,27,81,1014
2021-11-03 23:00:00,28,0.1,104,27,82,1014
2021-11-04 00:00:00,28,0.1,257,27,84,1014
2021-11-04 01:00:00,20,0.0,60,27,87,1013
2021-11-04 02:00:00,22,0.1,62,26,89,1012
2021-11-04 03:00:00,40,0.0,203,26,89,1012
2021-11-04 04:00:00,23,0.1,87,26,89,1012
2021-11-04 05:00:00,41,0.1,228,26,89,1012
2021-11-04 06:00:00,30,0.0,273,26,89,1012
2021-11-04 07:00:00,35,0.1,52,26,91,1013
2021-11-04 08:00:00,36,0.5,254,27,88,1014
2021-11-04 09:00:00,43,0.2,281,29,81,1014
2021-11-04 10:00:00,37,0.3,43,30,74,1015
2021-11-04 11:00:00,28,0.6,48,31,69,1014
2021-11-04 12:00:00,24,0.5,50,32,65,1014
2021-11-04 13:00:00,23,0.8,41,32,58,1012
2021-11-04 14:00:00,19,0.5,60,33,53,1011
2021-11-04 15:00:00,22,0.3,17,33,58,1010
2021-11-04 16:00:00,22,0.1,45,32,63,1009
2021-11-04 17:00:00,29,0.3,225,32,67,1010
2021-11-04 18:00:00,29,0.3,237,31,68,1010
2021-11-04 19:00:00,34,0.3,245,30,73,1011
2021-11-04 20:00:00,52,0.1,351,29,77,1012
2021-11-04 21:00:00,73,0.0,358,29,78,1013
2021-11-04 22:00:00,61,0.1,303,29,80,1013
2021-11-04 23:00:00,64,0.2,34,28,82,1013
2021-11-05 00:00:00,78,0.1,86,28,81,1013
2021-11-05 01:00:00,62,0.1,44,28,78,1013
2021-11-05 02:00:00,41,0.0,60,28,82,1012
2021-11-05 03:00:00,33,0.0,28,27,85,1011
2021-11-05 04:00:00,39,0.1,39,27,87,1011
2021-11-05 05:00:00,50,0.1,49,27,89,1011
2021-11-05 06:00:00,69,0.1,91,27,84,1011
2021-11-05 07:00:00,34,0.1,36,27,80,1012
2021-11-05 08:00:00,38,0.3,42,28,76,1013
2021-11-05 09:00:00,35,0.7,43,31,65,1013
2021-11-05 10:00:00,20,0.6,56,32,60,1013
2021-11-05 11:00:00,19,0.9,45,33,58,1013
2021-11-05 12:00:00,16,0.7,46,33,56,1012
2021-11-05 13:00:00,19,0.4,55,34,52,1011
2021-11-05 14:00:00,20,0.2,75,33,55,1009
2021-11-05 15:00:00,23,0.1,170,33,61,1008
2021-11-05 16:00:00,33,0.1,124,32,63,1008
2021-11-05 17:00:00,29,0.2,202,31,67,1008
2021-11-05 18:00:00,32,0.3,229,29,73,1009
2021-11-05 19:00:00,24,0.3,254,28,79,1009
2021-11-05 20:00:00,30,0.1,248,28,80,1010
2021-11-05 21:00:00,38,0.1,265,28,78,1011
2021-11-05 22:00:00,46,0.2,235,28,79,1011
2021-11-05 23:00:00,48,0.1,222,28,81,1011
2021-11-06 00:00:00,51,0.0,125,28,82,1011
2021-11-06 01:00:00,63,0.0,108,28,84,1010
2021-11-06 02:00:00,48,0.1,84,27,88,1009
2021-11-06 03:00:00,25,0.0,77,27,89,1009
2021-11-06 04:00:00,16,0.0,262,27,90,1009
2021-11-06 05:00:00,30,0.0,33,27,91,1009
2021-11-06 06:00:00,40,0.1,68,27,92,1009
2021-11-06 07:00:00,54,0.2,58,27,92,1009
2021-11-06 08:00:00,54,0.3,253,28,87,1010
2021-11-06 09:00:00,49,0.2,249,29,80,1011
2021-11-06 10:00:00,44,0.2,221,30,76,1012
2021-11-06 11:00:00,31,0.1,246,31,70,1011
2021-11-06 12:00:00,32,0.2,97,30,76,1010
2021-11-06 13:00:00,47,0.5,45,28,84,1009
2021-11-06 14:00:00,22,0.1,258,29,76,1008
2021-11-06 15:00:00,17,0.3,236,28,79,1008
2021-11-06 16:00:00,18,0.2,312,27,89,1007
2021-11-06 17:00:00,30,0.1,256,27,90,1007
2021-11-06 18:00:00,32,0.1,215,27,88,1008
2021-11-06 19:00:00,49,0.1,297,27,87,1008
2021-11-06 20:00:00,43,0.1,33,27,90,1009
2021-11-06 21:00:00,62,0.0,144,27,91,1010
2021-11-06 22:00:00,59,0.1,49,27,90,1010
2021-11-06 23:00:00,52,0.2,46,27,87,1010
2021-11-07 00:00:00,60,0.2,44,27,91,1010
2021-11-07 01:00:00,40,0.2,40,27,91,1009
2021-11-07 02:00:00,33,0.1,81,27,93,1009
2021-11-07 03:00:00,35,0.1,19,26,94,1008
2021-11-07 04:00:00,34,0.0,34,26,95,1008
2021-11-07 05:00:00,39,0.0,59,26,94,1008
2021-11-07 06:00:00,40,0.0,214,26,94,1008
2021-11-07 07:00:00,43,0.1,270,26,95,1009
2021-11-07 08:00:00,46,0.4,53,27,91,1010
2021-11-07 09:00:00,52,0.3,53,29,83,1010
2021-11-07 10:00:00,56,0.2,56,31,76,1011
2021-11-07 11:00:00,40,0.4,40,32,68,1011
2021-11-07 12:00:00,40,0.6,46,33,61,1010
2021-11-07 13:00:00,36,0.8,56,34,56,1009
2021-11-07 14:00:00,26,0.4,106,33,65,1008
2021-11-07 15:00:00,43,0.2,143,34,64,1007
2021-11-07 16:00:00,32,0.2,135,34,61,1007
2021-11-07 17:00:00,28,0.2,145,33,60,1007
2021-11-07 18:00:00,22,0.3,212,31,65,1007
2021-11-07 19:00:00,21,0.1,188,31,69,1008
2021-11-07 20:00:00,24,0.7,42,28,81,1009
2021-11-07 21:00:00,22,0.3,253,26,89,1010
2021-11-07 22:00:00,12,0.0,299,26,86,1010
2021-11-07 23:00:00,17,0.1,289,26,85,1011
2021-11-08 00:00:00,17,0.1,46,27,87,1010
2021-11-08 01:00:00,16,0.1,259,27,86,1010
2021-11-08 02:00:00,58,0.1,58,27,87,1010
2021-11-08 03:00:00,47,0.3,248,27,88,1010
2021-11-08 04:00:00,36,0.1,64,26,88,1009
2021-11-08 05:00:00,11,0.0,278,26,90,1009
2021-11-08 06:00:00,15,0.1,29,26,92,1010
2021-11-08 07:00:00,18,0.3,247,26,91,1011
2021-11-08 08:00:00,22,0.3,262,27,88,1011
2021-11-08 09:00:00,40,1.1,46,29,82,1012
2021-11-08 10:00:00,36,0.9,47,30,80,1012
2021-11-08 11:00:00,34,1.0,56,28,80,1012
2021-11-08 12:00:00,23,0.8,46,28,83,1011
2021-11-08 13:00:00,28,0.6,83,30,77,1011
2021-11-08 14:00:00,24,0.6,95,30,74,1010
2021-11-08 15:00:00,23,0.9,53,31,70,1009
2021-11-08 16:00:00,24,1.1,45,31,66,1009
2021-11-08 17:00:00,22,1.1,37,31,62,1009
2021-11-08 18:00:00,18,0.4,56,31,64,1010
2021-11-08 19:00:00,27,0.2,66,30,69,1010
2021-11-08 20:00:00,27,0.7,45,30,69,1011
2021-11-08 21:00:00,21,0.5,52,30,70,1012
2021-11-08 22:00:00,16,0.6,42,29,72,1012
2021-11-08 23:00:00,20,0.8,46,29,73,1012
2021-11-09 00:00:00,14,0.8,45,29,77,1012
2021-11-09 01:00:00,17,0.7,51,28,77,1012
2021-11-09 02:00:00,19,0.5,57,28,77,1011
2021-11-09 03:00:00,15,0.7,43,28,77,1011
2021-11-09 04:00:00,12,0.9,38,27,77,1011
2021-11-09 05:00:00,14,0.8,40,27,78,1012
2021-11-09 06:00:00,14,0.8,40,27,78,1012
2021-11-09 07:00:00,22,0.4,45,27,79,1013
2021-11-09 08:00:00,24,0.9,36,27,76,1014
2021-11-09 09:00:00,14,0.6,52,27,76,1015
2021-11-09 10:00:00,21,1.0,37,27,81,1016
2021-11-09 11:00:00,18,1.1,45,29,69,1015
2021-11-09 12:00:00,20,1.3,52,31,62,1014
2021-11-09 13:00:00,12,0.7,51,31,59,1013
2021-11-09 14:00:00,15,0.9,51,31,61,1012
2021-11-09 15:00:00,23,0.6,51,31,62,1011
2021-11-09 16:00:00,16,0.7,49,31,62,1011
2021-11-09 17:00:00,19,0.7,46,31,60,1011
2021-11-09 18:00:00,21,0.8,36,31,61,1011
2021-11-09 19:00:00,16,0.8,43,30,65,1011
2021-11-09 20:00:00,21,0.8,63,29,73,1012
2021-11-09 21:00:00,26,0.6,63,28,75,1013
2021-11-09 22:00:00,26,0.1,263,28,77,1014
2021-11-09 23:00:00,25,0.5,42,28,77,1014
2021-11-10 00:00:00,21,0.8,38,28,73,1014
2021-11-10 01:00:00,20,0.2,39,28,73,1013
2021-11-10 02:00:00,18,0.1,26,27,76,1013
2021-11-10 03:00:00,23,0.3,41,27,78,1013
2021-11-10 04:00:00,25,0.0,13,27,80,1013
2021-11-10 05:00:00,22,0.2,46,27,81,1013
2021-11-10 06:00:00,22,0.5,62,26,82,1013
2021-11-10 07:00:00,23,0.5,56,26,80,1014
2021-11-10 08:00:00,25,0.7,53,27,76,1014
2021-11-10 09:00:00,31,0.4,46,28,71,1015
2021-11-10 10:00:00,26,0.2,273,28,71,1015
2021-11-10 11:00:00,23,0.2,286,28,68,1015
2021-11-10 12:00:00,25,0.6,255,29,63,1014
2021-11-10 13:00:00,17,0.2,6,30,59,1013
2021-11-10 14:00:00,24,0.1,309,31,55,1012
2021-11-10 15:00:00,21,1.3,256,32,57,1011
2021-11-10 16:00:00,24,0.2,339,31,57,1011
2021-11-10 17:00:00,23,0.7,255,30,60,1011
2021-11-10 18:00:00,21,0.7,252,29,63,1011
2021-11-10 19:00:00,22,0.2,253,29,66,1012
2021-11-10 20:00:00,16,0.3,67,28,66,1013
2021-11-10 21:00:00,22,0.6,65,28,66,1013
2021-11-10 22:00:00,19,0.5,66,28,67,1014
2021-11-10 23:00:00,20,0.6,46,27,68,1014
2021-11-11 00:00:00,17,0.1,350,27,69,1014
2021-11-11 01:00:00,19,0.0,296,26,73,1013
2021-11-11 02:00:00,22,0.2,68,26,76,1013
2021-11-11 03:00:00,23,0.0,30,26,77,1012
2021-11-11 04:00:00,28,0.3,251,25,77,1012
2021-11-11 05:00:00,37,0.0,273,25,79,1012
2021-11-11 06:00:00,37,0.1,71,25,80,1013
2021-11-11 07:00:00,31,0.2,51,25,81,1013
2021-11-11 08:00:00,31,0.6,62,26,75,1014
2021-11-11 09:00:00,28,0.2,30,28,69,1014
2021-11-11 10:00:00,27,0.4,260,28,65,1015
2021-11-11 11:00:00,27,0.4,264,29,62,1014
2021-11-11 12:00:00,24,1.1,251,30,60,1013
2021-11-11 13:00:00,30,0.3,272,31,56,1012
2021-11-11 14:00:00,31,0.9,260,31,54,1011
2021-11-11 15:00:00,25,1.5,255,31,54,1010
2021-11-11 16:00:00,20,0.6,262,31,55,1010
2021-11-11 17:00:00,18,0.7,257,30,56,1010
2021-11-11 18:00:00,23,0.8,257,29,58,1011
2021-11-11 19:00:00,17,0.6,253,29,62,1012
2021-11-11 20:00:00,22,0.7,253,28,65,1013
2021-11-11 21:00:00,36,0.2,62,28,66,1013
2021-11-11 22:00:00,30,0.1,43,28,68,1014
2021-11-11 23:00:00,27,0.2,50,28,66,1014
2021-11-12 00:00:00,28,0.1,262,27,69,1014
2021-11-12 01:00:00,26,0.2,58,27,70,1013
2021-11-12 02:00:00,26,0.6,56,27,75,1013
2021-11-12 03:00:00,18,0.3,67,27,77,1012
2021-11-12 04:00:00,20,0.3,37,27,75,1012
2021-11-12 05:00:00,19,0.5,63,27,77,1012
2021-11-12 06:00:00,19,0.2,61,26,78,1012
2021-11-12 07:00:00,20,0.4,70,26,77,1013
2021-11-12 08:00:00,25,0.1,347,27,80,1013
2021-11-12 09:00:00,27,0.9,48,28,74,1014
2021-11-12 10:00:00,27,0.5,49,28,66,1015
2021-11-12 11:00:00,32,0.5,265,30,60,1014
2021-11-12 12:00:00,26,0.3,280,30,58,1014
2021-11-12 13:00:00,27,0.6,253,31,57,1012
2021-11-12 14:00:00,23,0.9,255,31,55,1011
2021-11-12 15:00:00,30,0.3,240,31,59,1011
2021-11-12 16:00:00,41,0.2,135,30,68,1011
2021-11-12 17:00:00,53,0.1,119,30,68,1011
2021-11-12 18:00:00,54,0.1,100,30,69,1011
2021-11-12 19:00:00,51,0.3,59,29,67,1012
2021-11-12 20:00:00,35,0.9,53,28,66,1013
2021-11-12 21:00:00,31,0.8,40,28,66,1013
2021-11-12 22:00:00,28,0.3,50,28,68,1014
2021-11-12 23:00:00,29,0.1,109,28,72,1014
2021-11-13 00:00:00,42,0.1,56,27,73,1014
2021-11-13 01:00:00,33,0.0,119,27,74,1013
2021-11-13 02:00:00,23,0.1,238,26,75,1013
2021-11-13 03:00:00,23,0.1,251,26,76,1012
2021-11-13 04:00:00,29,0.2,73,26,77,1011
2021-11-13 05:00:00,29,0.5,69,26,78,1011
2021-11-13 06:00:00,34,1.0,61,26,79,1011
2021-11-13 07:00:00,26,0.9,37,26,78,1012
2021-11-13 08:00:00,32,1.0,49,27,73,1013
2021-11-13 09:00:00,25,1.4,39,27,69,1014
2021-11-13 10:00:00,19,0.9,42,28,65,1015
2021-11-13 11:00:00,25,1.1,35,29,62,1014
2021-11-13 12:00:00,21,0.8,51,30,61,1014
2021-11-13 13:00:00,23,0.5,58,30,62,1013
2021-11-13 14:00:00,28,0.9,44,30,61,1012
2021-11-13 15:00:00,19,0.8,55,30,62,1011
2021-11-13 16:00:00,24,1.0,46,29,62,1010
2021-11-13 17:00:00,20,1.0,41,29,62,1011
2021-11-13 18:00:00,23,0.2,92,29,64,1011
2021-11-13 19:00:00,23,0.4,44,28,68,1012
2021-11-13 20:00:00,27,0.5,70,27,70,1013
2021-11-13 21:00:00,32,0.5,60,27,72,1014
2021-11-13 22:00:00,35,0.6,62,27,73,1014
2021-11-13 23:00:00,32,0.6,52,26,74,1014
2021-11-14 00:00:00,38,0.5,68,26,75,1013
2021-11-14 01:00:00,36,0.1,84,26,77,1013
2021-11-14 02:00:00,35,0.5,44,26,79,1013
2021-11-14 03:00:00,39,0.2,41,25,80,1012
2021-11-14 04:00:00,36,0.2,59,25,81,1012
2021-11-14 05:00:00,38,0.1,56,25,79,1012
2021-11-14 06:00:00,38,0.6,37,25,75,1012
2021-11-14 07:00:00,38,0.2,246,25,81,1013
2021-11-14 08:00:00,46,0.3,68,26,78,1013
2021-11-14 09:00:00,43,0.5,49,28,69,1014
2021-11-14 10:00:00,36,0.3,59,29,64,1014
2021-11-14 11:00:00,36,1.0,47,29,63,1014
2021-11-14 12:00:00,27,0.7,49,28,66,1013
2021-11-14 13:00:00,25,1.0,49,29,64,1012
2021-11-14 14:00:00,23,0.7,53,30,64,1011
2021-11-14 15:00:00,26,0.8,46,30,64,1011
2021-11-14 16:00:00,20,0.8,46,30,65,1010
2021-11-14 17:00:00,17,1.0,35,29,66,1011
2021-11-14 18:00:00,27,1.3,35,29,68,1011
2021-11-14 19:00:00,26,1.0,38,29,69,1012
2021-11-14 20:00:00,34,0.2,50,28,79,1013
2021-11-14 21:00:00,28,0.4,245,26,88,1013
2021-11-14 22:00:00,20,0.6,250,26,88,1013
2021-11-14 23:00:00,22,0.3,248,27,79,1013
2021-11-15 00:00:00,35,0.1,263,27,76,1013
2021-11-15 01:00:00,41,0.0,330,27,77,1013
2021-11-15 02:00:00,41,0.4,56,27,79,1012
2021-11-15 03:00:00,36,0.1,59,26,80,1011
2021-11-15 04:00:00,36,0.1,56,26,81,1011
2021-11-15 05:00:00,42,0.2,248,26,82,1011
2021-11-15 06:00:00,45,0.1,292,26,83,1011
2021-11-15 07:00:00,38,0.2,60,26,83,1012
2021-11-15 08:00:00,42,0.2,71,27,76,1012
2021-11-15 09:00:00,44,0.3,50,28,69,1013
2021-11-15 10:00:00,37,0.1,258,28,70,1013
2021-11-15 11:00:00,38,0.3,41,29,67,1013
2021-11-15 12:00:00,37,0.1,348,30,61,1012
2021-11-15 13:00:00,35,0.4,65,32,55,1011
2021-11-15 14:00:00,31,0.8,55,32,53,1010
2021-11-15 15:00:00,21,0.4,89,32,55,1009
2021-11-15 16:00:00,35,0.2,99,33,56,1009
2021-11-15 17:00:00,40,0.2,67,32,58,1009
2021-11-15 18:00:00,37,0.2,64,31,57,1009
2021-11-15 19:00:00,28,0.7,250,30,66,1010
2021-11-15 20:00:00,42,0.6,247,29,69,1010
2021-11-15 21:00:00,36,0.2,191,28,76,1011
2021-11-15 22:00:00,34,0.1,138,28,82,1011
2021-11-15 23:00:00,30,0.0,123,27,83,1012
2021-11-16 00:00:00,32,0.0,117,27,86,1012
2021-11-16 01:00:00,26,0.0,280,27,86,1011
2021-11-16 02:00:00,29,0.2,253,27,85,1011
2021-11-16 03:00:00,32,0.1,270,26,86,1010
2021-11-16 04:00:00,50,0.2,261,26,86,1010
2021-11-16 05:00:00,81,0.1,50,26,87,1010
2021-11-16 06:00:00,87,0.0,62,26,88,1010
2021-11-16 07:00:00,79,0.4,58,26,87,1011
2021-11-16 08:00:00,67,0.4,50,27,79,1012
2021-11-16 09:00:00,50,0.7,43,29,73,1012
2021-11-16 10:00:00,27,0.9,43,29,72,1013
2021-11-16 11:00:00,28,1.6,36,29,69,1013
2021-11-16 12:00:00,23,1.6,36,30,66,1012
2021-11-16 13:00:00,17,1.0,52,31,62,1012
2021-11-16 14:00:00,17,0.8,67,32,61,1010
2021-11-16 15:00:00,12,0.7,62,31,63,1010
2021-11-16 16:00:00,19,0.9,50,31,63,1009
2021-11-16 17:00:00,18,0.8,51,31,62,1009
2021-11-16 18:00:00,14,0.6,60,31,62,1010
2021-11-16 19:00:00,17,0.2,55,30,65,1010
2021-11-16 20:00:00,24,0.5,38,30,66,1011
2021-11-16 21:00:00,26,1.0,34,30,69,1012
2021-11-16 22:00:00,14,0.3,35,29,70,1013
2021-11-16 23:00:00,19,0.4,41,29,70,1013
2021-11-17 00:00:00,17,0.1,78,29,72,1013
2021-11-17 01:00:00,13,0.5,43,28,73,1012
2021-11-17 02:00:00,17,0.6,45,28,74,1012
2021-11-17 03:00:00,13,0.6,38,28,75,1011
2021-11-17 04:00:00,16,0.7,39,28,75,1011
2021-11-17 05:00:00,14,0.5,40,27,76,1011
2021-11-17 06:00:00,16,0.6,43,27,75,1011
2021-11-17 07:00:00,17,0.5,32,27,76,1012
2021-11-17 08:00:00,15,0.6,34,28,74,1013
2021-11-17 09:00:00,15,0.9,43,29,71,1014
2021-11-17 10:00:00,18,0.8,49,30,67,1014
2021-11-17 11:00:00,17,0.8,47,32,60,1014
2021-11-17 12:00:00,19,1.2,46,33,54,1013
2021-11-17 13:00:00,17,1.6,37,33,52,1012
2021-11-17 14:00:00,13,1.2,49,34,50,1011
2021-11-17 15:00:00,12,1.0,54,34,50,1010
2021-11-17 16:00:00,19,1.1,44,34,50,1010
2021-11-17 17:00:00,16,1.4,35,33,53,1010
2021-11-17 18:00:00,17,0.8,39,32,55,1010
2021-11-17 19:00:00,17,0.5,39,32,58,1010
2021-11-17 20:00:00,21,0.1,36,30,66,1011
2021-11-17 21:00:00,30,0.5,28,30,65,1012
2021-11-17 22:00:00,25,0.3,17,30,64,1012
2021-11-17 23:00:00,14,0.1,352,30,66,1012
2021-11-18 00:00:00,21,0.1,257,29,70,1012
2021-11-18 01:00:00,29,0.0,296,29,73,1012
2021-11-18 02:00:00,32,0.2,259,29,74,1012
2021-11-18 03:00:00,26,0.2,256,28,76,1011
2021-11-18 04:00:00,25,0.1,278,28,75,1010
2021-11-18 05:00:00,27,0.5,40,29,70,1010
2021-11-18 06:00:00,21,0.8,37,29,70,1010
2021-11-18 07:00:00,17,0.5,50,29,69,1011
2021-11-18 08:00:00,13,0.8,44,29,68,1011
2021-11-18 09:00:00,23,1.1,40,29,66,1012
2021-11-18 10:00:00,17,1.3,39,30,63,1013
2021-11-18 11:00:00,21,1.0,41,31,60,1013
2021-11-18 12:00:00,13,1.0,45,31,60,1012
2021-11-18 13:00:00,11,0.6,49,32,61,1011
2021-11-18 14:00:00,16,0.8,46,32,61,1010
2021-11-18 15:00:00,22,0.7,65,32,59,1009
2021-11-18 16:00:00,19,0.5,79,33,57,1008
2021-11-18 17:00:00,18,0.8,259,31,64,1008
2021-11-18 18:00:00,20,0.8,249,30,71,1008
2021-11-18 19:00:00,35,0.3,254,30,71,1009
2021-11-18 20:00:00,34,0.5,247,29,74,1010
2021-11-18 21:00:00,33,0.4,253,29,75,1011
2021-11-18 22:00:00,26,0.1,287,29,75,1011
2021-11-18 23:00:00,27,0.0,132,29,74,1011
2021-11-19 00:00:00,23,0.0,215,28,79,1012
2021-11-19 01:00:00,39,0.2,249,28,83,1011
2021-11-19 02:00:00,58,0.1,248,28,84,1010
2021-11-19 03:00:00,59,0.0,22,27,86,1010
2021-11-19 04:00:00,65,0.0,347,27,86,1010
2021-11-19 05:00:00,78,0.1,248,27,84,1010
2021-11-19 06:00:00,67,0.2,247,27,87,1010
2021-11-19 07:00:00,82,0.1,251,27,88,1010
2021-11-19 08:00:00,66,0.2,46,27,86,1011
2021-11-19 09:00:00,74,0.2,48,29,80,1012
2021-11-19 10:00:00,71,0.6,50,31,68,1012
2021-11-19 11:00:00,32,1.0,45,32,63,1011
2021-11-19 12:00:00,22,0.6,54,32,61,1010
2021-11-19 13:00:00,26,0.8,44,32,60,1009
2021-11-19 14:00:00,20,0.8,48,33,57,1008
2021-11-19 15:00:00,22,0.2,10,33,59,1007
2021-11-19 16:00:00,20,0.2,176,33,62,1006
2021-11-19 17:00:00,27,1.1,248,32,65,1006
2021-11-19 18:00:00,20,0.5,241,31,69,1007
2021-11-19 19:00:00,20,0.4,242,30,73,1007
2021-11-19 20:00:00,39,0.2,232,29,77,1008
2021-11-19 21:00:00,36,0.2,214,29,77,1009
2021-11-19 22:00:00,26,0.2,218,29,79,1010
2021-11-19 23:00:00,25,0.1,222,29,81,1010
2021-11-20 00:00:00,28,0.0,178,28,83,1010
2021-11-20 01:00:00,31,0.0,168,28,86,1009
2021-11-20 02:00:00,42,0.2,255,28,88,1009
2021-11-20 03:00:00,37,0.1,252,27,89,1008
2021-11-20 04:00:00,64,0.2,263,27,88,1008
2021-11-20 05:00:00,71,0.2,237,27,88,1008
2021-11-20 06:00:00,62,0.1,283,27,88,1009
2021-11-20 07:00:00,57,0.2,49,27,88,1010
2021-11-20 08:00:00,59,0.3,48,28,84,1010
2021-11-20 09:00:00,60,0.4,43,30,73,1011
2021-11-20 10:00:00,33,0.5,258,32,61,1012
2021-11-20 11:00:00,18,0.2,208,33,57,1012
2021-11-20 12:00:00,17,0.4,60,33,55,1011
2021-11-20 13:00:00,25,0.5,40,29,76,1010
2021-11-20 14:00:00,27,0.4,239,27,92,1009
2021-11-20 15:00:00,25,0.4,234,27,85,1008
2021-11-20 16:00:00,31,0.5,244,30,75,1008
2021-11-20 17:00:00,26,0.0,137,31,69,1007
2021-11-20 18:00:00,40,0.1,141,31,72,1008
2021-11-20 19:00:00,38,0.1,193,30,74,1008
2021-11-20 20:00:00,34,0.1,199,29,77,1009
2021-11-20 21:00:00,44,0.0,189,29,78,1009
2021-11-20 22:00:00,32,0.0,134,29,81,1010
2021-11-20 23:00:00,34,0.1,261,28,85,1010
2021-11-21 00:00:00,29,0.0,56,28,87,1010
2021-11-21 01:00:00,36,0.0,55,28,88,1010
2021-11-21 02:00:00,32,0.0,21,28,90,1010
2021-11-21 03:00:00,29,0.0,307,28,91,1009
2021-11-21 04:00:00,23,0.1,46,27,93,1009
2021-11-21 05:00:00,24,0.0,21,27,93,1009
2021-11-21 06:00:00,22,0.1,248,27,93,1010
2021-11-21 07:00:00,25,0.1,244,27,91,1010
2021-11-21 08:00:00,32,0.4,36,26,90,1011
2021-11-21 09:00:00,14,0.3,247,26,89,1012
2021-11-21 10:00:00,18,0.2,283,29,80,1013
2021-11-21 11:00:00,17,0.2,271,31,73,1012
2021-11-21 12:00:00,24,0.1,348,31,68,1012
2021-11-21 13:00:00,22,0.4,55,32,66,1011
2021-11-21 14:00:00,34,0.2,157,31,76,1010
2021-11-21 15:00:00,35,0.3,213,33,65,1009
2021-11-21 16:00:00,31,0.7,243,32,67,1008
2021-11-21 17:00:00,28,0.5,238,32,64,1008
2021-11-21 18:00:00,32,0.6,250,31,68,1009
2021-11-21 19:00:00,32,0.4,237,29,74,1009
2021-11-21 20:00:00,25,0.2,236,29,76,1010
2021-11-21 21:00:00,36,0.2,252,28,77,1011
2021-11-21 22:00:00,38,0.1,43,28,78,1011
2021-11-21 23:00:00,50,0.1,67,28,79,1012
2021-11-22 00:00:00,50,0.0,289,28,80,1012
2021-11-22 01:00:00,47,0.0,51,28,82,1011
2021-11-22 02:00:00,45,0.1,256,28,84,1010
2021-11-22 03:00:00,41,0.1,287,27,85,1010
2021-11-22 04:00:00,48,0.3,259,27,86,1010
2021-11-22 05:00:00,48,0.1,349,27,88,1010
2021-11-22 06:00:00,52,0.1,13,27,89,1011
2021-11-22 07:00:00,53,0.2,54,27,89,1011
2021-11-22 08:00:00,71,0.2,263,28,84,1012
2021-11-22 09:00:00,74,0.5,260,30,77,1013
2021-11-22 10:00:00,52,0.3,282,31,72,1013
2021-11-22 11:00:00,41,1.0,46,32,66,1013
2021-11-22 12:00:00,27,0.9,57,34,56,1012
2021-11-22 13:00:00,17,0.7,74,34,55,1011
2021-11-22 14:00:00,19,0.5,106,34,55,1010
2021-11-22 15:00:00,28,0.6,65,34,54,1009
2021-11-22 16:00:00,22,0.6,88,34,54,1008
2021-11-22 17:00:00,22,0.4,77,32,62,1008
2021-11-22 18:00:00,24,0.1,197,30,71,1009
2021-11-22 19:00:00,34,0.5,242,30,73,1010
2021-11-22 20:00:00,22,0.3,245,29,76,1010
2021-11-22 21:00:00,27,0.6,249,29,77,1011
2021-11-22 22:00:00,33,0.3,249,28,80,1011
2021-11-22 23:00:00,48,0.3,251,28,80,1012
2021-11-23 00:00:00,48,0.2,253,28,80,1011
2021-11-23 01:00:00,35,0.4,250,28,81,1011
2021-11-23 02:00:00,54,0.1,36,28,84,1010
2021-11-23 03:00:00,40,0.2,31,28,82,1010
2021-11-23 04:00:00,24,0.1,68,28,77,1010
2021-11-23 05:00:00,21,0.2,15,28,77,1010
2021-11-23 06:00:00,13,0.8,45,28,70,1010
2021-11-23 07:00:00,18,0.7,50,28,74,1011
2021-11-23 08:00:00,21,1.1,39,28,72,1012
2021-11-23 09:00:00,21,1.4,41,28,71,1013
2021-11-23 10:00:00,23,1.1,43,29,69,1014
2021-11-23 11:00:00,16,1.5,41,29,67,1014
2021-11-23 12:00:00,21,1.4,42,30,66,1013
2021-11-23 13:00:00,18,1.5,40,31,64,1013
2021-11-23 14:00:00,20,1.5,43,30,65,1012
2021-11-23 15:00:00,15,1.4,40,30,65,1011
2021-11-23 16:00:00,17,1.9,36,29,68,1011
2021-11-23 17:00:00,5,1.4,39,29,68,1011
2021-11-23 18:00:00,17,1.6,38,28,72,1012
2021-11-23 19:00:00,21,1.5,36,28,73,1012
2021-11-23 20:00:00,18,1.2,47,27,80,1013
2021-11-23 21:00:00,14,1.3,56,26,84,1014
2021-11-23 22:00:00,16,0.8,69,26,86,1014
2021-11-23 23:00:00,15,0.6,65,26,86,1014
2021-11-24 00:00:00,13,0.1,308,25,87,1014
2021-11-24 01:00:00,15,0.1,15,25,88,1014
2021-11-24 02:00:00,12,0.1,59,25,88,1013
2021-11-24 03:00:00,12,0.2,48,25,87,1013
2021-11-24 04:00:00,17,0.1,359,25,87,1012
2021-11-24 05:00:00,11,0.3,64,25,86,1012
2021-11-24 06:00:00,20,0.1,256,25,86,1013
2021-11-24 07:00:00,16,0.3,49,25,82,1014
2021-11-24 08:00:00,28,0.8,42,26,71,1014
2021-11-24 09:00:00,20,0.8,42,26,68,1015
2021-11-24 10:00:00,20,1.3,35,27,66,1015
2021-11-24 11:00:00,12,1.3,41,28,61,1015
2021-11-24 12:00:00,13,1.7,38,28,60,1015
2021-11-24 13:00:00,10,1.4,35,29,60,1014
2021-11-24 14:00:00,13,1.0,48,29,60,1013
2021-11-24 15:00:00,13,0.8,45,30,59,1012
2021-11-24 16:00:00,20,0.9,41,30,58,1011
2021-11-24 17:00:00,15,0.6,43,30,60,1011
2021-11-24 18:00:00,21,0.3,19,29,65,1012
2021-11-24 19:00:00,20,0.3,352,28,68,1012
2021-11-24 20:00:00,25,1.0,41,28,67,1013
2021-11-24 21:00:00,13,0.4,48,28,70,1014
2021-11-24 22:00:00,25,0.1,264,27,72,1015
2021-11-24 23:00:00,26,0.3,63,27,72,1015
2021-11-25 00:00:00,23,0.3,59,27,72,1015
2021-11-25 01:00:00,22,0.3,53,26,75,1014
2021-11-25 02:00:00,30,0.3,53,26,77,1014
2021-11-25 03:00:00,38,0.3,259,26,78,1013
2021-11-25 04:00:00,39,0.1,303,25,81,1013
2021-11-25 05:00:00,40,0.0,27,25,78,1013
2021-11-25 06:00:00,24,0.3,257,25,78,1013
2021-11-25 07:00:00,26,0.3,259,25,78,1014
2021-11-25 08:00:00,40,0.5,258,26,73,1015
2021-11-25 09:00:00,37,0.5,51,27,66,1015
2021-11-25 10:00:00,29,1.0,40,29,57,1016
2021-11-25 11:00:00,23,0.3,23,29,56,1015
2021-11-25 12:00:00,23,0.9,254,30,56,1015
2021-11-25 13:00:00,25,0.9,255,31,55,1014
2021-11-25 14:00:00,21,0.6,261,31,54,1012
2021-11-25 15:00:00,26,0.3,305,31,54,1012
2021-11-25 16:00:00,24,0.6,278,31,56,1011
2021-11-25 17:00:00,19,0.8,260,29,59,1011
2021-11-25 18:00:00,20,0.5,44,29,60,1012
2021-11-25 19:00:00,24,0.3,56,28,62,1012
2021-11-25 20:00:00,24,0.1,280,28,63,1013
2021-11-25 21:00:00,24,0.0,341,27,65,1014
2021-11-25 22:00:00,22,0.2,265,27,67,1014
2021-11-25 23:00:00,31,0.1,256,27,69,1014
2021-11-26 00:00:00,35,0.2,254,27,70,1014
2021-11-26 01:00:00,34,0.1,277,27,69,1014
2021-11-26 02:00:00,31,0.1,278,26,71,1014
2021-11-26 03:00:00,29,0.1,278,26,76,1013
2021-11-26 04:00:00,34,0.2,254,25,77,1013
2021-11-26 05:00:00,56,0.3,260,25,78,1013
2021-11-26 06:00:00,40,0.1,14,25,81,1013
2021-11-26 07:00:00,47,0.3,255,24,81,1014
2021-11-26 08:00:00,35,0.2,269,26,77,1014
2021-11-26 09:00:00,33,0.1,344,27,70,1015
2021-11-26 10:00:00,27,0.4,21,28,65,1015
2021-11-26 11:00:00,28,0.7,259,29,62,1015
2021-11-26 12:00:00,31,0.3,316,30,56,1014
2021-11-26 13:00:00,28,0.3,342,31,54,1013
2021-11-26 14:00:00,27,0.4,343,31,53,1011
2021-11-26 15:00:00,26,0.2,68,31,58,1011
2021-11-26 16:00:00,45,0.3,357,31,55,1011
2021-11-26 17:00:00,28,1.1,41,30,54,1011
2021-11-26 18:00:00,28,0.8,55,30,55,1012
2021-11-26 19:00:00,27,0.7,54,29,57,1013
2021-11-26 20:00:00,26,0.7,41,28,58,1014
2021-11-26 21:00:00,33,0.8,34,28,58,1014
2021-11-26 22:00:00,28,0.4,37,28,60,1015
2021-11-26 23:00:00,32,0.3,19,27,62,1015
2021-11-27 00:00:00,25,0.2,355,27,62,1015
2021-11-27 01:00:00,24,0.6,35,27,61,1015
2021-11-27 02:00:00,21,0.7,38,26,64,1014
2021-11-27 03:00:00,22,0.8,35,26,66,1013
2021-11-27 04:00:00,22,0.7,37,25,69,1013
2021-11-27 05:00:00,19,0.8,36,25,71,1013
2021-11-27 06:00:00,22,0.6,39,24,73,1014
2021-11-27 07:00:00,31,0.9,31,24,69,1014
2021-11-27 08:00:00,27,0.8,33,25,65,1015
2021-11-27 09:00:00,27,1.5,36,26,63,1016
2021-11-27 10:00:00,20,0.8,28,27,62,1016
2021-11-27 11:00:00,21,1.2,34,28,60,1015
2021-11-27 12:00:00,27,0.7,32,29,54,1014
2021-11-27 13:00:00,24,0.5,8,30,50,1013
2021-11-27 14:00:00,25,0.9,27,30,48,1012
2021-11-27 15:00:00,30,0.3,356,31,49,1012
2021-11-27 16:00:00,28,0.8,40,30,49,1012
2021-11-27 17:00:00,27,0.6,44,29,53,1012
2021-11-27 18:00:00,27,0.5,51,29,54,1013
2021-11-27 19:00:00,33,0.3,64,28,56,1013
2021-11-27 20:00:00,31,0.1,78,27,59,1014
2021-11-27 21:00:00,38,0.2,252,27,61,1015
2021-11-27 22:00:00,46,0.4,12,27,59,1015
2021-11-27 23:00:00,31,0.2,30,26,62,1015
2021-11-28 00:00:00,36,0.3,36,26,60,1014
2021-11-28 01:00:00,30,0.7,29,26,61,1014
2021-11-28 02:00:00,31,0.7,41,26,60,1014
2021-11-28 03:00:00,33,1.0,41,25,60,1013
2021-11-28 04:00:00,24,1.0,39,25,61,1013
2021-11-28 05:00:00,27,1.1,44,24,64,1013
2021-11-28 06:00:00,31,0.8,39,24,67,1014
2021-11-28 07:00:00,29,0.2,21,23,69,1015
2021-11-28 08:00:00,26,0.1,284,24,68,1015
2021-11-28 09:00:00,36,0.1,353,26,63,1016
2021-11-28 10:00:00,27,0.5,13,26,60,1016
2021-11-28 11:00:00,30,0.6,23,27,55,1016
2021-11-28 12:00:00,23,0.2,360,28,52,1015
2021-11-28 13:00:00,28,0.9,261,29,50,1014
2021-11-28 14:00:00,28,0.6,269,30,48,1012
2021-11-28 15:00:00,28,0.7,28,30,46,1011
2021-11-28 16:00:00,23,0.7,34,31,45,1011
2021-11-28 17:00:00,21,0.7,29,30,47,1011
2021-11-28 18:00:00,28,0.4,262,29,52,1012
2021-11-28 19:00:00,29,0.1,291,28,54,1012
2021-11-28 20:00:00,25,0.2,260,28,57,1013
2021-11-28 21:00:00,38,0.6,253,27,61,1014
2021-11-28 22:00:00,37,0.5,251,27,66,1014
2021-11-28 23:00:00,41,0.5,53,27,64,1014
2021-11-29 00:00:00,37,0.7,47,27,59,1013
2021-11-29 01:00:00,31,1.1,42,27,55,1013
2021-11-29 02:00:00,33,0.9,44,27,54,1013
2021-11-29 03:00:00,30,0.7,56,26,57,1012
2021-11-29 04:00:00,32,1.2,50,26,56,1012
2021-11-29 05:00:00,28,0.9,49,26,57,1012
2021-11-29 06:00:00,19,1.2,49,26,60,1012
2021-11-29 07:00:00,24,1.4,43,25,62,1013
2021-11-29 08:00:00,32,1.4,40,26,63,1014
2021-11-29 09:00:00,24,1.6,39,26,62,1015
2021-11-29 10:00:00,24,1.6,36,27,60,1015
2021-11-29 11:00:00,18,1.1,35,28,56,1014
2021-11-29 12:00:00,24,1.7,37,30,51,1013
2021-11-29 13:00:00,21,1.7,32,30,48,1012
2021-11-29 14:00:00,27,1.0,30,31,48,1011
2021-11-29 15:00:00,27,0.9,29,31,47,1010
2021-11-29 16:00:00,27,1.2,31,31,47,1010
2021-11-29 17:00:00,19,1.2,38,31,47,1010
2021-11-29 18:00:00,16,0.7,40,30,51,1011
2021-11-29 19:00:00,23,0.3,42,29,54,1011
2021-11-29 20:00:00,24,0.4,247,29,59,1012
2021-11-29 21:00:00,29,0.2,242,28,67,1013
2021-11-29 22:00:00,33,0.6,35,28,62,1013
2021-11-29 23:00:00,30,0.4,37,28,61,1013
2021-11-30 00:00:00,22,0.5,27,28,61,1012
2021-11-30 01:00:00,25,0.3,252,27,62,1012
2021-11-30 02:00:00,19,0.2,260,27,63,1012
2021-11-30 03:00:00,29,0.0,332,27,64,1011
2021-11-30 04:00:00,23,0.6,43,27,64,1011
2021-11-30 05:00:00,22,0.4,44,26,64,1011
2021-11-30 06:00:00,26,0.2,26,26,66,1011
2021-11-30 07:00:00,36,0.1,9,26,67,1012
2021-11-30 08:00:00,32,0.0,30,26,66,1013
2021-11-30 09:00:00,35,0.5,19,27,59,1014
2021-11-30 10:00:00,28,1.3,31,28,54,1014
2021-11-30 11:00:00,26,0.9,36,28,54,1014
2021-11-30 12:00:00,19,0.4,27,29,52,1013
2021-11-30 13:00:00,28,0.4,81,28,54,1012
2021-11-30 14:00:00,36,0.6,52,29,53,1012
2021-11-30 15:00:00,34,1.4,32,29,53,1011
2021-11-30 16:00:00,30,0.7,32,29,54,1010
2021-11-30 17:00:00,32,0.6,47,28,54,1010
2021-11-30 18:00:00,38,0.9,53,28,54,1011
2021-11-30 19:00:00,35,1.3,30,28,55,1012
2021-11-30 20:00:00,33,1.6,28,28,56,1013
2021-11-30 21:00:00,43,1.0,33,27,57,1014
2021-11-30 22:00:00,38,1.0,28,27,58,1014
2021-11-30 23:00:00,38,0.8,26,27,58,1014
